objid,pmL,pmB,ra,dec,u,g,r,i,z,err_u,err_g,err_r,err_i,err_z,elodieFeH,elodieTEff,elodieBV
1237662223545335839,-15.88477,14.54057,225.325384765595,31.3383500648006,17.79348,16.50182,15.99992,15.79799,15.73497,0.01020224,0.004272691,0.004514657,0.004303435,0.006163613,-0.76,5320,0.704
1237662223545336019,-4.197772,3.034995,225.3274820576,31.3656806241656,20.43307,18.13611,17.16638,16.80726,16.61589,0.04459146,0.006448594,0.005355758,0.005186024,0.008821857,-0.39,4576,0.983
1237662223545729098,2.215902,14.76091,226.25947204379,30.9393584412923,18.19852,15.97134,15.04846,14.6961,14.51572,0.01238177,0.003759491,0.004426972,0.004230684,0.004469057,-0.39,4576,0.983
1237662223545729275,0.5744402,5.490811,226.332397193341,30.888767022759,19.78041,18.66353,18.18763,17.94,17.85045,0.02965306,0.008008259,0.007236247,0.007760939,0.01844803,-1.48,5257,0.638
1237662223545729489,-3.224385,1.129829,226.361041822495,30.9032115258718,21.63188,20.29306,19.77353,19.55924,19.45921,0.1058166,0.01989011,0.01588685,0.01986579,0.06352473,-0.5,6000,0
1237662223545729839,0,0,226.419967710121,31.0135287023833,22.69796,21.53034,21.25682,21.17932,20.88834,0.2720813,0.05057947,0.04769344,0.07507011,0.2290606,-0.05,5820,0.588
1237662223545794639,-1.206215,9.452959,226.413319164028,30.8864262746951,18.73991,17.62306,17.66685,17.71693,17.82749,0.01619801,0.005267602,0.006117664,0.007072359,0.0184375,-1,8500,0
1237662223545794680,-3.660178,2.670038,226.486160496427,30.9593167133513,16.67044,15.41412,15.52826,15.60247,15.65324,0.006419549,0.003533269,0.004598143,0.004513982,0.005812805,-1,8500,0
1237662223545794687,-11.21472,-1.078445,226.450409502225,30.8895373196942,19.45065,18.6054,18.28593,18.15253,18.20654,0.02410544,0.007700277,0.007517457,0.008522874,0.02422103,-2.5,6000,0
1237662223545794882,-2.063384,5.848229,226.535642124566,30.878601238668,19.58765,18.20359,17.70323,17.50487,17.46004,0.02629593,0.006495364,0.006141256,0.006596467,0.01456103,-0.32,5476,0.645
1237662224082141315,-13.60975,2.955481,225.38033472895,31.7740660276635,21.56849,20.15827,19.64651,19.46648,19.36413,0.1132851,0.01693168,0.01533813,0.01856383,0.05300594,0.36,5232,0.767
1237662224082206953,-5.008819,12.43045,225.471550468122,31.633960748076,19.33717,17.17725,16.34136,16.00066,15.83887,0.02373525,0.004789718,0.005045671,0.004496416,0.006552217,-0.12,4775,0.95
1237662224082534517,-0.216599,2.521884,226.36760499089,31.3189454016322,18.63705,17.20184,16.68645,16.51648,16.45253,0.01630212,0.004534966,0.005345916,0.005606052,0.008125701,-0.35,5377,0.656
1237662224082665904,0,0,226.653575626448,31.2222432665793,21.47537,20.83487,20.53782,20.38332,20.05975,0.1008974,0.02758439,0.02658643,0.03574706,0.1017098,0.6,3705,1.474
1237662224082993786,0,0,227.457665857766,30.9880225396944,23.07195,22.58682,20.73307,19.65753,18.91555,0.418947,0.1022467,0.03149206,0.02181398,0.044289,-0.2,3717,1.502
1237662224619536417,-10.4912,18.2157,226.812266970554,31.6109770340745,17.9323,16.82394,16.44579,16.30485,16.25044,0.01159163,0.004305796,0.005126783,0.005095717,0.008003667,-0.45,5873,0.53
1237662224619536440,-8.822763,5.784087,226.893933565677,31.5623202355249,19.11175,17.66364,17.14182,16.93851,16.86198,0.02087693,0.005299903,0.005642879,0.005755691,0.01062965,-0.71,5285,0.692
1237662224619536512,-6.733624,4.228265,226.924334427048,31.6751885876104,20.06199,18.97261,18.47201,18.27341,18.19724,0.03638583,0.008957693,0.008234459,0.009038107,0.02413952,-0.76,5320,0.704
1237662224619601925,-17.35941,-7.557761,226.9399156336,31.5934466700051,16.5842,15.14476,14.64501,14.50939,14.47472,0.006735496,0.003571551,0.004489557,0.00459242,0.00468809,-0.02,5563,0.701
1237662224619601946,-5.587919,-5.757807,226.990498821958,31.5964852505826,18.60575,17.29577,16.77875,16.60748,16.5373,0.01601429,0.004747082,0.005093391,0.005435759,0.009002739,-0.76,5320,0.704
1237662224619601988,-48.87947,5.125884,227.051410225647,31.586000845989,16.59823,15.68526,15.34504,15.24476,15.23176,0.006710599,0.00344721,0.00428424,0.004521257,0.005677619,-1.5,6000,0
1237662224619602120,-15.90669,3.287458,227.081262829117,31.6095862250967,19.74829,18.23403,17.55836,17.31908,17.2182,0.02993582,0.006359508,0.005898286,0.006140819,0.01297794,-0.16,5059,0.811
1237662224619667507,-3.997462,0.6869541,227.180873700124,31.5480693913215,17.3834,16.03561,15.56485,15.43285,15.40375,0.008955487,0.003359705,0.004381985,0.004727711,0.00588748,-0.32,5476,0.645
1237662224619667520,0.1848272,-2.623145,227.180614351661,31.491561247977,17.54834,15.94222,15.34611,15.15341,15.08776,0.009661436,0.00332129,0.004355527,0.00469842,0.005360352,-0.12,5281,0.732
1237662224619667544,-9.236014,1.834621,227.200265861692,31.430604467012,17.5301,15.93857,15.32111,15.09304,14.99748,0.009498431,0.003304124,0.004441051,0.004884857,0.005312374,-0.51,4671,0.935
1237662224619667560,-2.048174,7.305214,227.238883471156,31.4915622772736,19.13527,18.1943,17.80419,17.70501,17.69606,0.02164276,0.006268317,0.006436286,0.007308636,0.0173055,-1.51,5645,0.427
1237662224619667560,-2.048174,7.305214,227.238883471156,31.4915622772736,19.13527,18.1943,17.80419,17.70501,17.69606,0.02164276,0.006268317,0.006436286,0.007308636,0.0173055,-1.5,6000,0
1237662224619667584,-9.981427,4.581822,227.139972437466,31.5728640213931,19.94637,18.54313,17.91455,17.66369,17.56226,0.0344684,0.007414564,0.006606625,0.006973207,0.01585518,-0.16,5059,0.811
1237662224619667642,-13.25828,15.41155,227.260021933335,31.5911789309473,19.14827,18.29359,17.92188,17.82209,17.78532,0.02156997,0.006550649,0.006694047,0.007548188,0.01836941,-2,6000,0
1237662224619667657,-11.02991,-0.5519935,227.265743820495,31.5471355470608,19.84076,18.89169,18.49032,18.3799,18.35077,0.03255662,0.008745732,0.008313945,0.009499981,0.02698194,-1.5,6000,0
1237662224619667668,10.17328,0.1746122,227.230549770516,31.4595390386837,20.79672,19.52204,18.99692,18.8261,18.79525,0.06205463,0.01252981,0.01053714,0.01185899,0.03725748,-0.76,5320,0.704
1237662224619733175,0,0,227.358652104007,31.4953353284012,20.2088,17.79416,16.66742,16.21845,15.96276,0.04294737,0.005417663,0.004726347,0.004890076,0.006919179,-0.28,4382,1.069
1237662224619798566,-8.520256,22.23621,227.499193148444,31.4327482943088,17.86072,16.9335,16.57667,16.43554,16.4463,0.0111511,0.00435082,0.004868002,0.005093025,0.008670732,-1.5,6000,0
1237662224619798823,-65.81693,7.907106,227.582177183153,31.4479165002695,23.09318,20.76796,19.33628,18.52658,18.14009,0.3613241,0.02547681,0.01257918,0.01020224,0.02538915,-0.04,3980,1.491
1237662661600215143,-22.43242,16.15864,225.205664947848,31.6544192589196,17.77984,16.87665,16.61888,16.51087,16.50189,0.0105751,0.004497641,0.004811321,0.005023623,0.008630181,-1.5,6500,0
1237662661600346285,-4.933181,1.688616,225.379317284465,31.4405219552862,19.60477,18.3248,17.82694,17.62228,17.57688,0.02760256,0.007051066,0.006303813,0.006876864,0.01650846,-0.71,5285,0.692
1237662661600346285,-4.933181,1.688616,225.379317284465,31.4405219552862,19.60477,18.3248,17.82694,17.62228,17.57688,0.02760256,0.007051066,0.006303813,0.006876864,0.01650846,-0.71,5285,0.692
1237662662674087938,-2.402964,13.0091,225.788782099343,32.2670317381696,17.08741,16.12286,15.77107,15.64828,15.63687,0.008289203,0.004206388,0.004558165,0.004922553,0.006556594,-1,6000,0
1237662662674087957,13.61484,14.3518,225.897058370483,32.3247871288583,16.91712,15.80002,15.40686,15.2835,15.26164,0.007724047,0.004073241,0.004501747,0.004846485,0.005930733,-1.08,5373,0.539
1237662662674088196,-11.90828,-17.76749,225.931577415215,32.2835520973621,21.23034,20.3261,19.9043,19.74085,19.64781,0.08788873,0.01869017,0.01836411,0.02205179,0.07947022,-0.07,7134,0.287
1237662662674612307,-15.95558,0.2713093,227.234950637499,31.753428413924,17.72748,16.80009,16.54409,16.4544,16.44274,0.01080695,0.004656676,0.004950678,0.005420111,0.009074944,-1.5,6500,0
1237662662674612525,20.18903,6.999321,227.118918492891,31.6900820837723,21.23986,20.82216,20.73065,20.6331,20.4653,0.08588585,0.02557497,0.03245901,0.0431365,0.1510933,-0.1,5059,0.877
1237662662674612757,0,0,227.081017618699,31.6989764219161,22.60737,21.22373,21.02637,20.90809,20.74496,0.244662,0.03363509,0.0405513,0.05357871,0.1906539,-0.33,4547,1.323
1237662662674678593,0,0,227.341889528872,31.7016168797801,23.48797,21.80183,21.44519,21.25119,21.11451,0.4652913,0.05037419,0.05471929,0.06906008,0.2571486,-2.09,6537,0.18
1237662662674743329,-10.00691,-10.85781,227.402773885821,31.6110524595725,17.51768,16.1554,15.65467,15.47195,15.40643,0.009960023,0.004385835,0.004683345,0.005064062,0.006262649,-0.76,5320,0.704
1237662662674743452,0.4954242,-1.854571,227.496856477331,31.6927771774736,19.92734,18.7356,18.18509,17.92453,17.8733,0.03484325,0.008086965,0.007465067,0.007910365,0.01975081,-1.44,5073,0.709
1237662663210893442,5.836975,-0.9731522,225.93843482347,32.606479128132,17.71201,16.14552,15.47762,15.21192,15.06419,0.01114052,0.004195264,0.004561172,0.004775796,0.005604772,-0.59,5126,0.828
1237664853648999133,0,0,227.665591074987,29.8147641934716,23.28381,21.70507,21.46883,21.33643,21.32399,0.3825561,0.04491165,0.05375007,0.06631678,0.2724141,-1.08,5373,0.539
1237662223546516262,0,0,228.261414948336,30.2391497016947,23.95724,21.88109,21.49593,21.2883,21.40095,0.563114,0.06100148,0.06921773,0.073167,0.3205472,-1.08,5373,0.539
1237662224081944599,-10.2486,1.13177,224.863084306712,31.9718204819671,18.23439,16.85502,16.30456,16.11516,16.02818,0.01318122,0.004570285,0.004577749,0.004319988,0.006715669,-0.71,5285,0.692
1237662224081944703,-28.1799,-7.385016,225.01100987615,32.0217039655336,17.79421,16.85818,16.5848,16.47242,16.42927,0.01064631,0.004582753,0.00472773,0.005154942,0.008161695,-1.5,6000,0
1237662224081944837,-15.04921,-3.906764,224.873258509372,31.8597498707192,23.51858,20.89441,19.41279,18.76585,18.45216,0.4599191,0.02682113,0.01361859,0.012405,0.02817318,0.28,3890,1.371
1237662224082010137,-15.0017,4.65654,224.995239014248,31.8296517027848,18.25583,17.07957,16.67739,16.54455,16.50765,0.01337611,0.004787066,0.004584275,0.005224673,0.008321101,-0.32,5651,0.564
1237662224082010137,-15.0017,4.65654,224.995239014248,31.8296517027848,18.25583,17.07957,16.67739,16.54455,16.50765,0.01337611,0.004787066,0.004584275,0.005224673,0.008321101,-0.45,5630,0.6
1237662224082010163,-1.349523,-1.297793,225.123493140206,31.9876459885652,17.86356,16.38529,15.78852,15.55974,15.4613,0.0111391,0.004277875,0.004141082,0.004776569,0.005542561,-0.24,5221,0.786
1237662224082010218,-0.3649461,9.439809,225.038367702058,31.9966899472235,19.3645,17.36377,16.50176,16.15817,15.95005,0.0246917,0.005119567,0.004601527,0.004939949,0.006549455,-0.39,4576,0.983
1237662224082075739,-4.720741,0.7829493,225.155234843265,31.7980960252182,19.88655,18.77832,18.70239,18.69926,18.71727,0.0346783,0.008265261,0.009428413,0.01145957,0.03222831,-1,7500,0
1237662224082075739,-4.720741,0.7829493,225.155234843265,31.7980960252182,19.88655,18.77832,18.70239,18.69926,18.71727,0.0346783,0.008265261,0.009428413,0.01145957,0.03222831,-1.5,7500,0
1237662224082141475,-1.188266,2.980352,225.406197596926,31.8008192017356,24.95507,21.56371,21.14577,20.86995,20.8057,0.7655691,0.04411162,0.04341777,0.0548435,0.1787681,0.17,3900,1.363
1237662224082337874,-17.14085,0.1510262,225.886132133486,31.5076670145814,17.63747,16.38931,15.91792,15.76142,15.7156,0.009898443,0.003991777,0.004237081,0.005015866,0.006113174,-0.76,5320,0.704
1237662224082338002,-10.99157,8.063131,225.903535866016,31.5133880252583,19.52003,18.26728,17.75918,17.58716,17.51138,0.02611634,0.006589588,0.006218347,0.007042389,0.01433316,-0.76,5320,0.704
1237662224082338002,-10.99157,8.063131,225.903535866016,31.5133880252583,19.52003,18.26728,17.75918,17.58716,17.51138,0.02611634,0.006589588,0.006218347,0.007042389,0.01433316,-0.76,5320,0.704
1237662224082403368,4.595244,19.23852,225.934221511531,31.467607029376,17.30954,16.39601,16.11659,16.01943,16.0307,0.008641728,0.0040094,0.004330149,0.00511282,0.006864045,-2,6000,0
1237662224082403368,4.595244,19.23852,225.934221511531,31.467607029376,17.30954,16.39601,16.11659,16.01943,16.0307,0.008641728,0.0040094,0.004330149,0.00511282,0.006864045,-1.5,6500,0
1237662224082403405,-4.116275,6.230614,226.012883236704,31.50556018584,18.20317,17.10807,16.64035,16.44592,16.36832,0.01298684,0.004630535,0.004742018,0.005511013,0.007847455,-0.92,5850,0.475
1237662224082403425,-3.439508,4.6909,226.121718804986,31.5446525786838,18.77805,16.8927,16.06546,15.73106,15.56188,0.01729738,0.004591933,0.004685625,0.005124279,0.005835533,-0.12,4775,0.95
1237662224082403465,-10.86136,-0.7210785,225.945993080524,31.5074087239005,19.93943,17.48047,16.29491,15.77138,15.49851,0.0338226,0.005057806,0.004431921,0.005098974,0.005747874,-0.36,3962,1.354
1237662224082403496,-13.13449,8.856359,226.08308219761,31.6105499134387,19.92041,18.70184,18.18535,18.00801,17.99977,0.03363904,0.007953301,0.007365102,0.008207801,0.01964149,-0.55,5455,0.652
1237662224082404047,0,0,226.040849536994,31.4428597362162,22.72717,21.94348,21.6555,21.41924,21.02417,0.2578745,0.05955369,0.06803969,0.07821474,0.2184059,0.25,5063,0.895
1237662224082468899,-12.95816,3.094643,226.178384964159,31.4263784916922,18.35364,16.91837,16.36205,16.15407,16.09338,0.01395975,0.004526551,0.004985381,0.005356346,0.00694027,-0.55,5455,0.652
1237662224082468946,1.383847,2.034596,226.178407351233,31.3621037915268,15.85188,14.84663,14.50381,14.30502,14.37697,0.005093634,0.003636638,0.004494607,0.004578219,0.004561907,-1.56,5734,0.427
1237662224082468946,1.383847,2.034596,226.178407351233,31.3621037915268,15.85188,14.84663,14.50381,14.30502,14.37697,0.005093634,0.003636638,0.004494607,0.004578219,0.004561907,-1.5,6000,0
1237662224082468982,2.161218,9.899651,226.155352891607,31.5408554973549,19.46146,18.5257,18.19266,18.0445,18.03539,0.02565893,0.007371173,0.007452986,0.008323845,0.01983137,-1.5,6000,0
1237662224082469006,-25.69691,34.89774,226.112490145114,31.4010889044877,23.11659,20.58816,19.13364,18.60057,18.29755,0.3675388,0.02303495,0.01164225,0.01073584,0.02409278,-0.36,3962,1.354
1237662224082469023,-4.139515,6.72919,226.186165707341,31.4972950338542,20.47776,19.22799,18.73385,18.5575,18.55058,0.04876485,0.01018845,0.009390939,0.01047411,0.02843405,-0.35,5377,0.656
1237662224082534450,7.751712,8.726658,226.377167246844,31.4593629126716,18.17189,16.84619,16.32903,16.12371,16.06061,0.0128852,0.004263001,0.005157597,0.005367281,0.006891143,-0.71,5285,0.692
1237662224082599978,1.779922,-0.9321646,226.563804462239,31.3372184392892,16.97038,15.28042,14.61939,14.35179,14.26729,0.007414156,0.003567547,0.004691175,0.004363031,0.004571422,-0.5,4804,0.858
1237662224082665545,-5.130722,6.136974,226.627409864276,31.3112647333406,18.79734,17.45004,16.92128,16.71296,16.64581,0.01784165,0.004928377,0.005500757,0.005485517,0.008930279,-0.71,5285,0.692
1237662224082665735,-6.459995,-0.6838822,226.636352907295,31.313659592682,21.32429,20.31413,20.11226,20.02781,20.06751,0.09123474,0.01960368,0.01972734,0.02753995,0.1015736,-2.26,6162,0.326
1237662224082665748,-10.01756,9.163968,226.664891906784,31.2649280429435,20.00808,18.97658,18.52506,18.34794,18.30965,0.0367076,0.009114807,0.008551553,0.009552325,0.02478778,-0.99,5665,0.536
1237662224082666048,-36.36449,5.419835,226.625419426765,31.2870992583369,24.59292,21.23193,20.40923,20.13691,19.77562,0.7885953,0.03817484,0.02470891,0.03078532,0.08146391,-0.21,4115,1.403
1237662224082731052,4.49345,9.892868,226.819942811177,31.2828326674184,17.31544,15.65868,15.10046,14.90807,14.85255,0.008586213,0.003597152,0.004524508,0.004607162,0.004778842,-0.17,5169,0.819
1237662224082731134,-5.204677,34.22595,226.851484831417,31.14173120546,17.90044,16.40713,15.81497,15.57306,15.48719,0.01123079,0.003644056,0.004555836,0.004647883,0.005655475,-0.16,5059,0.811
1237662224082731196,2.591767,-3.814943,226.81341174923,31.1921821507217,20.99234,20.06354,19.82692,19.74151,19.82978,0.07179895,0.01756544,0.01734151,0.02290107,0.085924,-1.7,5949,0.394
1237662224082731247,-15.21313,2.301052,226.866111206508,31.1240106453829,19.97763,18.55376,17.93644,17.68546,17.56436,0.03578358,0.007542626,0.006773813,0.007110427,0.01486597,-1.34,5047,0.754
1237662224082796586,-5.752509,0.7207571,227.014365251079,31.1922563792402,16.66789,15.2312,14.68941,14.44454,14.36119,0.006552272,0.003008054,0.004322869,0.004660307,0.00435932,-0.76,5320,0.704
1237662224082796592,-5.298487,-1.35333,226.992875101076,31.0563755286442,18.0588,17.11313,16.79033,16.64974,16.64653,0.01234808,0.004249101,0.005029281,0.005556549,0.008875391,-1.5,6000,0
1237662224082796639,-3.219014,9.84931,226.880136015073,31.1042362732441,19.78111,17.22576,16.08327,15.63858,15.41743,0.03211175,0.00443956,0.004585198,0.00466554,0.005521232,-0.28,4382,1.069
1237662224082796722,-0.7248284,13.79605,227.030336649157,31.1638222628018,19.47663,18.06317,17.4953,17.26116,17.18318,0.02686302,0.006057281,0.005912505,0.006385065,0.01192688,-0.71,5285,0.692
1237662224082796747,-3.618093,2.904649,227.083723507043,31.1715008253335,19.99627,18.66421,18.11343,17.86477,17.78566,0.03715105,0.008051304,0.007233307,0.007762707,0.01747411,-0.45,5630,0.6
1237662224082862096,-7.442524,4.143227,227.078341500537,31.0768999061484,16.71599,15.67652,15.4306,15.33185,15.34137,0.006702906,0.003200256,0.004415616,0.004775214,0.005360755,-0.49,6245,0.419
1237662224082862580,5.050617,2.820343,227.044291076698,31.0448116993986,22.60055,20.96494,20.61979,20.48198,20.55911,0.2704635,0.03436828,0.02958535,0.03806653,0.1605406,0.09,9899,-0.199
1237662224083058760,0,0,227.580009469977,30.8015163425505,18.78325,18.3145,18.32715,18.3704,18.53564,0.01887687,0.006824233,0.007840696,0.009748435,0.02956662,-2.5,8500,0
1237662224083058760,0,0,227.580009469977,30.8015163425505,18.78325,18.3145,18.32715,18.3704,18.53564,0.01887687,0.006824233,0.007840696,0.009748435,0.02956662,0.17,3900,1.363
1237662224618946577,-1.138719,6.906139,225.334647760217,32.1675706954461,19.10267,18.21099,17.89844,17.719,17.69556,0.0216595,0.006613804,0.006311648,0.007268699,0.01763868,-1.5,6000,0
1237662224619536538,-7.06723,-0.5581889,226.898307542722,31.5270731019864,19.42902,18.42851,18.1907,18.1219,18.12074,0.02458479,0.007031282,0.007357606,0.00841769,0.0234535,-1.5,6500,0
1237662225692819514,-23.33262,16.22977,226.272204818631,32.923208274658,19.09855,17.87661,17.35969,17.14111,17.06882,0.01988922,0.005840284,0.005339948,0.005774504,0.0107709,-0.76,5320,0.704
1237662225692950558,-7.356916,15.06434,226.505988700307,32.7932885712193,19.20708,18.29629,17.90361,17.7209,17.65269,0.02115253,0.006721813,0.00620286,0.007366586,0.01547146,-1.5,6000,0
1237662225693081796,-1.593892,-1.346771,226.893431784124,32.6535901911444,17.81124,16.81939,16.66489,16.62179,16.65429,0.01055888,0.004500458,0.004665751,0.005328456,0.008875494,-1.5,7000,0
1237662305120747726,-10.88733,13.22722,227.282641037225,32.7495520885513,17.74265,16.31369,15.77765,15.59248,15.47673,0.009695525,0.004432168,0.004466523,0.005050976,0.005715887,-0.71,5285,0.692
1237662305120813090,10.43635,7.162496,227.381180515643,32.6963567813709,18.3108,16.93662,16.44591,16.33352,16.24142,0.0126809,0.004841088,0.004757049,0.005151761,0.007267179,-0.04,5426,0.717
1237662305120878683,1.926979,4.840973,227.602097871075,32.725885731271,17.15329,16.02673,15.66465,15.52473,15.49072,0.007652761,0.00409429,0.004742512,0.005189483,0.005807151,-0.08,6038,0.518
1237662661600018461,-6.616659,5.60342,224.668125476927,31.9018386831603,16.82472,15.95936,15.71558,15.61799,15.61402,0.007081839,0.004065945,0.004450507,0.004580819,0.006024449,0.6,3705,1.474
1237662661600084044,-6.819432,13.72466,224.917842893534,31.825406569701,16.8596,15.56065,15.07698,14.92154,14.87049,0.007107292,0.003791898,0.004282911,0.004419812,0.004888367,-0.35,5377,0.656
1237662661600149525,-12.62983,5.159076,224.96708457816,31.758319093264,19.11422,17.88951,17.40853,17.21743,17.13038,0.02111176,0.005900915,0.005656069,0.006042741,0.0121348,-0.76,5320,0.704
1237662661600149626,-1.107401,-0.647542,224.973942905708,31.761856106029,20.72048,19.90409,19.65359,19.58856,19.60238,0.05884668,0.0151761,0.01534118,0.02030721,0.07423963,-0.5,7000,0
1237662661600280746,-4.881237,1.292277,225.19998954884,31.5682482409924,19.37213,18.06796,17.56505,17.36805,17.26617,0.02427272,0.006324411,0.005797527,0.006251749,0.01342302,-0.71,5285,0.692
1237662661600280755,0,0,225.271215030744,31.6668432374017,21.1524,20.19164,20.12317,20.1118,20.26936,0.0781856,0.01848747,0.02121042,0.03001362,0.1371115,-0.27,7263,0.272
1237662661600280769,0,0,225.250394243342,31.5636163504195,23.30304,20.3128,18.84716,17.97651,17.51673,0.4390392,0.01972578,0.009795555,0.00800804,0.01573124,-0.04,3980,1.491
1237662661600280776,-2.604316,-1.661411,225.261019991059,31.5435060331695,19.8223,18.608,18.52161,18.50863,18.52653,0.03183303,0.007818901,0.008352354,0.01038525,0.03240153,-2,7500,0
1237662661600280853,-4.177448,3.309629,225.398259586233,31.6169306621271,19.78099,18.78452,18.35847,18.18513,18.10838,0.03131841,0.008418097,0.007804551,0.008782908,0.02366344,-1,6000,0
1237662661600280856,28.75761,82.97577,225.41876510717,31.6340812530995,22.55868,19.69077,18.36972,17.85323,17.55224,0.2470554,0.01355932,0.00784841,0.007659946,0.01631566,-0.36,3962,1.354
1237662661600346119,5.096594,12.61619,225.346180364939,31.4587962266935,18.71644,17.21112,16.67399,16.49526,16.42511,0.01679482,0.005050869,0.004699054,0.00500903,0.00833367,-0.04,5426,0.717
1237662661600346124,-1.007607,4.394443,225.357670146372,31.480069327999,19.03814,17.72897,17.15601,16.89036,16.76026,0.01973592,0.005701435,0.005203146,0.005500633,0.009958897,-1.48,5257,0.638
1237662661600346127,-4.374452,5.496415,225.42938957044,31.608862640608,16.85044,15.21127,14.56798,14.32827,14.20789,0.007047815,0.003856226,0.004121527,0.004343014,0.004241371,-0.51,4671,0.935
1237662661600673849,-7.320862,13.21408,226.325009211186,31.2599039822803,17.92848,16.77973,16.35699,16.22025,16.16237,0.01130006,0.004617748,0.004576548,0.004818968,0.007554728,-0.54,5720,0.564
1237662661600673852,13.48089,64.67767,226.333185481489,31.274968540971,19.02358,16.58935,15.38959,14.91066,14.63141,0.01984479,0.00455927,0.004236423,0.004307961,0.00492104,-0.36,3962,1.354
1237662661600739584,6.305236,8.711643,226.443349933104,31.0817566968069,18.64725,17.48138,17.08798,16.95359,16.89097,0.01592235,0.005352823,0.004982351,0.005606056,0.01077606,-0.11,5890,0.549
1237662661600805115,-11.85565,28.48212,226.625170189567,31.0746551715362,17.19293,16.35515,16.0581,15.93804,15.90069,0.008261465,0.004291495,0.004362364,0.004663073,0.00676928,-2.5,6000,0
1237662661600870425,3.245796,6.574369,226.648149803937,31.0187671240984,17.85933,16.63866,16.21336,16.07383,16.00294,0.01088261,0.004499596,0.004402537,0.004696385,0.0070097,-0.37,5661,0.572
1237662661600870462,-0.4020996,6.855213,226.70905658238,31.0949981460536,18.08295,16.6736,16.16402,15.98815,15.89905,0.01228499,0.004491414,0.004493201,0.004815123,0.006839144,-0.04,5426,0.717
1237662662137544986,-2.658108,3.248203,226.484294309891,31.5177267607127,20.5954,19.72403,19.41549,19.28163,19.2828,0.05651366,0.01336743,0.01372643,0.01689388,0.05411119,-1.51,5645,0.427
1237662662137610273,-1.165904,7.061052,226.574932245916,31.5144706658097,17.77522,16.35727,15.87169,15.7167,15.66698,0.01096523,0.004256795,0.004494541,0.004743793,0.006352248,-0.02,5563,0.701
1237662662137610303,4.835554,15.75993,226.615875068241,31.4812298182466,17.13974,16.11104,15.71965,15.56969,15.54711,0.008309776,0.004110383,0.004413466,0.00469814,0.006063725,-0.94,5613,0.712
1237662662137610340,-11.04905,60.92773,226.567480011775,31.5113683920734,22.01121,19.38333,18.072,17.51174,17.1673,0.1611963,0.01109757,0.007130749,0.006800591,0.01218055,-0.36,3962,1.354
1237662662137610420,0.7749906,-0.6756244,226.65461727865,31.4857046984163,19.44876,18.31851,17.81903,17.60669,17.53489,0.02643229,0.006850323,0.006507537,0.007023972,0.01516642,-1.42,5152,0.661
1237662662137610420,0.7749906,-0.6756244,226.65461727865,31.4857046984163,19.44876,18.31851,17.81903,17.60669,17.53489,0.02643229,0.006850323,0.006507537,0.007023972,0.01516642,-0.54,5736,0.533
1237662662137872467,-15.19415,-0.9450789,227.326882696244,31.2579541834487,17.41806,16.17229,15.69868,15.51866,15.47227,0.009233575,0.00416257,0.004810896,0.004698899,0.0058978,-0.45,5630,0.6
1237662662137872586,-41.71952,86.54,227.301032127453,31.2370790507767,22.47823,19.77282,18.33465,17.73073,17.3827,0.2330059,0.01359993,0.008008568,0.007433659,0.01368217,-0.36,3962,1.354
1237662662137937945,-3.96519,10.65927,227.35025513425,31.1852293772132,17.67183,16.15893,15.52872,15.25021,15.12871,0.01042146,0.004135371,0.004772187,0.004631988,0.005526097,-1.44,5073,0.709
1237662662137937960,0.9114494,0.8552142,227.401890326767,31.1900579202251,18.08686,17.07524,16.64438,16.44446,16.36888,0.01266302,0.004627843,0.005270307,0.005238227,0.008139035,-1.16,5961,0.452
1237662662137938141,-0.1501629,2.764369,227.433339201493,31.1648095271353,19.72052,18.76217,18.34626,18.15639,18.09996,0.03122258,0.008208469,0.008113666,0.008899799,0.02176702,-1,6000,0
1237662662137938154,-0.9246734,-1.257486,227.524656583171,31.2394916022842,19.31522,17.87088,17.34007,17.15124,17.068,0.0245758,0.005786602,0.00600165,0.006259423,0.01155931,-0.12,5281,0.732
1237662662137938595,-13.81334,16.36815,227.396399263883,31.1494811879963,23.36959,21.4756,20.36449,19.99961,19.97377,0.4785272,0.04205814,0.02447491,0.02816818,0.0974,-0.28,4382,1.069
1237662662138003486,-4.744669,14.83057,227.587535499018,31.1847702055088,16.74747,15.74844,15.37077,15.23602,15.21559,0.007046933,0.00391291,0.004609522,0.004829013,0.005632831,-1,6000,0
1237662662138003486,-4.744669,14.83057,227.587535499018,31.1847702055088,16.74747,15.74844,15.37077,15.23602,15.21559,0.007046933,0.00391291,0.004609522,0.004829013,0.005632831,-1,6000,0
1237662662138003702,-27.68734,-2.197196,227.445491134337,31.0823547433766,21.18727,20.6797,20.59891,20.57121,20.55887,0.08426537,0.02387582,0.02939213,0.04392375,0.1563105,0.6,3705,1.474
1237662662673891615,-8.806563,3.738053,225.509566359921,32.5224833984057,19.88087,18.97854,18.66193,18.72427,18.53123,0.03426494,0.009015325,0.009111878,0.01139425,0.03105719,0.6,3705,1.474
1237662662673957050,-4.027477,-6.574695,225.553043945271,32.3796376520462,20.15132,17.72026,16.65235,16.27494,16.06248,0.04032731,0.005621464,0.005184685,0.005192261,0.007677885,-0.28,4382,1.069
1237662662673957148,-45.93413,2.315782,225.629867337243,32.39558254285,23.79815,20.53732,19.20415,18.68451,18.38156,0.5738409,0.02151036,0.01194463,0.01131471,0.02862027,-0.36,3962,1.354
1237662662673957170,-8.267075,-2.92679,225.489075442028,32.4158905769712,21.62149,20.63972,20.07322,19.83346,19.9017,0.1153404,0.02314186,0.02027994,0.02370807,0.09627154,-0.3,5443,0.632
1237662662674677771,-13.56896,4.500607,227.191141962411,31.6533876022169,16.95511,15.47286,14.93625,14.78083,14.70362,0.007856781,0.004156536,0.004398872,0.004805168,0.005462639,-0.04,5426,0.717
1237662662674677854,3.90605,-3.622831,227.301907847501,31.6213541187605,18.24875,17.41406,17.11494,17.02063,16.99152,0.01395151,0.005276714,0.00556083,0.006245265,0.01176421,-2,6000,0
1237662662674677862,-0.9238523,-1.59647,227.333943623399,31.6207850474617,18.65039,16.58827,15.72092,15.3973,15.19169,0.01708968,0.004644663,0.004777383,0.005172548,0.006001543,0.07,4528,1.038
1237662662674677899,-111.0039,50.11084,227.23474123113,31.687711425717,23.27035,20.12992,18.6706,17.93694,17.6533,0.4138609,0.01646295,0.009175636,0.007832957,0.01716367,-0.36,3962,1.354
1237662662674743299,0.3810708,0.9051748,227.437114377999,31.7456596067107,18.72932,17.43674,16.95213,16.76605,16.69621,0.01771397,0.005379329,0.00546289,0.005994121,0.01012824,-0.76,5320,0.704
1237662662674743302,-9.003577,-6.86342,227.455321138566,31.7408201186928,18.35817,16.92172,16.41013,16.22604,16.15725,0.01456311,0.004877106,0.005043422,0.005512199,0.008025929,-0.04,5426,0.717
1237662662674743338,-10.63821,3.77092,227.479876133539,31.6797303496567,17.50991,16.18772,15.62192,15.38871,15.28947,0.009854546,0.004378254,0.004689871,0.004964395,0.006060797,-1.44,5073,0.709
1237662662674743373,-0.4169954,4.402364,227.40298640267,31.6970275855245,19.5548,18.51227,18.04162,17.8437,17.77976,0.02791145,0.007442623,0.007141951,0.007904495,0.0187115,-1.42,5152,0.661
1237662697569124587,-2.235964,2.266639,227.099084320303,29.8330719832606,21.02671,20.23605,20.03228,19.88996,19.63919,0.08036735,0.0182674,0.02008839,0.02289143,0.0755259,-0.42,4244,1.566
1237662697569124715,0.3092897,1.514923,227.021284906739,29.8205452674091,21.58906,20.97035,20.71082,20.60394,20.79025,0.1244829,0.03140934,0.03395375,0.04028016,0.2105576,0.14,5807,0.605
1237664853111669384,0,0,226.366020358729,29.9060785264047,22.72966,21.3803,21.19428,21.06226,20.90171,0.238874,0.03557837,0.04251206,0.05270939,0.17533,0.17,3900,1.363
1237662223545532451,-1.214555,5.657197,225.809296660914,31.0951956341677,17.69845,16.2629,15.73889,15.56921,15.4954,0.009790268,0.004220121,0.004044367,0.004772798,0.005594081,-0.04,5426,0.717
1237662223545532466,-9.51792,10.36785,225.847095232794,31.0911757541377,18.89226,17.56993,17.0296,16.8238,16.72827,0.01768009,0.00539479,0.004945702,0.005749416,0.009468407,-0.71,5285,0.692
1237662223545597973,-9.075544,2.552195,225.948264275612,31.1106573584604,17.18961,16.12344,15.7541,15.615,15.57931,0.00784857,0.004146602,0.00442407,0.005014699,0.005813462,-0.65,5790,0.486
1237662223545597973,-9.075544,2.552195,225.948264275612,31.1106573584604,17.18961,16.12344,15.7541,15.615,15.57931,0.00784857,0.004146602,0.00442407,0.005014699,0.005813462,-0.45,5873,0.53
1237662223545598019,-10.18414,4.254875,226.018030615663,31.1453897224946,19.0886,17.62305,17.04543,16.81444,16.70738,0.01985116,0.005478718,0.005375441,0.005760912,0.009259459,-0.04,5426,0.717
1237662223545598114,-16.85077,0.1642171,225.965961955801,31.1430283962896,19.75188,18.2696,17.71016,17.49565,17.39954,0.02906391,0.006740801,0.006206613,0.006813431,0.01359812,-0.03,5261,0.773
1237662223545598164,-1.538932,28.38745,226.032459415879,31.0927537069531,20.16078,18.93419,18.36575,18.12301,18.0274,0.03768538,0.008958601,0.007755121,0.00851062,0.02078163,-1.7,5405,0.621
1237662223545663547,-12.14861,12.73033,226.116480880569,31.0793232315898,18.28095,17.3333,16.96489,16.83632,16.79715,0.01295025,0.004876804,0.005190605,0.005727281,0.009693761,-1.5,6000,0
1237662223545663669,-0.5753148,1.632632,226.106082590688,31.0046983585192,20.3732,19.19989,19.24792,19.26645,19.31131,0.043861,0.01030678,0.0118187,0.01551455,0.05595934,-1.67,7852,0.107
1237662223545663694,-0.07885946,2.380882,226.159145641196,31.0160967274506,20.7423,19.94869,19.59556,19.51319,19.43991,0.05663263,0.01577575,0.0143623,0.0181418,0.06185399,-2.35,5880,0.359
1237662223545663847,-4.355617,6.272373,226.160692291391,30.99861354364,21.1868,20.27254,19.92892,19.83714,19.75161,0.07763512,0.01951446,0.01767512,0.02295719,0.08036312,-1.5,6500,0
1237662223545729080,-0.8321416,7.179247,226.223708580717,30.9295291479874,19.07029,17.6874,17.18952,16.99117,16.94276,0.01951587,0.005367699,0.005519248,0.005604988,0.01043105,-0.32,5476,0.645
1237662223545860203,6.229055,17.09108,226.614507602868,30.7860026217019,18.465,17.55058,17.18353,17.03732,16.97541,0.01424957,0.005020581,0.005137274,0.005631696,0.0108527,-1.45,5952,0.439
1237662223545860210,5.974004,3.368456,226.635938380068,30.7858462206287,17.83764,16.48326,15.92882,15.71528,15.62573,0.01043109,0.003764739,0.004176174,0.004508436,0.005806578,-0.76,5320,0.704
1237662223545860503,-1.007089,18.51037,226.610688817626,30.8359864652881,21.54769,20.55137,20.3082,20.15496,20.19866,0.1026231,0.0243872,0.02378019,0.03071411,0.1240214,-1,6500,0
1237662223545860671,0,0,226.544368520169,30.7855958490764,23.47397,21.92456,21.46788,21.11839,20.73424,0.465707,0.0690072,0.05880739,0.07054274,0.2044732,-2.09,6537,0.18
1237662223545925641,-21.01641,-6.189391,226.739700208244,30.8264046424286,17.9422,16.54226,15.96869,15.76173,15.65137,0.0110132,0.003703449,0.004297846,0.004631342,0.005923292,-0.16,5059,0.811
1237662223545925652,-2.245299,0.1120932,226.753596525093,30.7966612351371,18.90001,18.03199,17.80127,17.72117,17.66118,0.01817382,0.005954214,0.006200803,0.007157614,0.0166924,-2.5,6500,0
1237662223545925652,-2.245299,0.1120932,226.753596525093,30.7966612351371,18.90001,18.03199,17.80127,17.72117,17.66118,0.01817382,0.005954214,0.006200803,0.007157614,0.0166924,-2.5,6500,0
1237662223545925811,-3.846339,4.957151,226.789775513849,30.7931992239099,20.52088,18.02499,16.94538,16.55754,16.32983,0.04958545,0.005962153,0.004965097,0.005259242,0.007740131,-0.28,4382,1.069
1237662223546057111,1.777258,1.557666,227.063026970817,30.5924601637891,20.99237,20.17355,20.0676,20.07747,19.98411,0.07208239,0.01850324,0.01996375,0.0303645,0.122233,-1.24,6808,0.313
1237662223546122847,-20.42453,12.12013,227.193050200491,30.5436801497324,22.58392,21.29269,21.0667,21.07686,20.62334,0.2622296,0.03853793,0.04140277,0.06940272,0.2068208,0.09,9899,-0.199
1237664854184558603,-0.6638494,-2.417291,224.617532789151,31.4436205518835,19.20876,18.18528,17.85597,17.73052,17.67104,0.02143733,0.006485757,0.006079634,0.007022353,0.01462709,-1.5,6000,0
1237664853111996904,-2.016869,4.186493,227.196618350315,29.5387042920067,22.47219,21.1486,20.90535,20.70617,20.65114,0.1940765,0.03093318,0.03449642,0.04127371,0.1471027,-2.09,6537,0.18
1237664853111996542,-17.0803,11.96782,227.205854415083,29.5012429450914,17.91587,16.99234,16.73392,16.6219,16.63395,0.01158439,0.004795491,0.005153772,0.005664673,0.009102938,-1.5,6500,0
1237664853111275553,-14.00432,30.843,225.348652084124,30.2087302469606,18.90011,18.01649,17.7183,17.59333,17.57467,0.01849268,0.006139308,0.00615011,0.006790695,0.0144677,0.6,3705,1.474
1237664853111210369,10.56086,1.751644,225.16633587789,30.2217861473073,21.99014,21.04185,20.84064,20.7991,20.56611,0.1344168,0.02828328,0.03350141,0.04480645,0.1320093,0.25,5063,0.895
1237664852574797883,1.94475,13.11787,226.141559550436,29.4269368569979,17.7826,16.83015,16.53826,16.41538,16.38823,0.0105745,0.0046549,0.005175116,0.005306838,0.007718102,-1.5,6000,0
1237662697569255996,0,0,227.36169136129,29.6950868682757,23.43581,21.90472,21.51475,21.14785,20.9892,0.5363437,0.06116052,0.06130556,0.06926632,0.2646642,-2.09,6537,0.18
1237662697568993528,-13.67685,0.9124094,226.735311615376,29.8288709074653,19.60382,18.70421,18.38289,18.23836,18.23732,0.02966681,0.007721619,0.007878629,0.008744208,0.02636979,0.6,3705,1.474
1237662697031860583,12.23802,5.895473,225.937461017675,29.8314215176063,21.77676,21.14616,21.01033,20.88056,20.63089,0.1334462,0.03230634,0.04359115,0.05638913,0.1611222,-0.01,4395,1.299
1237662697031598395,0,0,225.198598404812,29.9961912334116,22.16629,21.54787,21.7376,21.85522,21.83626,0.1854913,0.04619373,0.07675174,0.1237791,0.4913271,-2.32,4949,0.647
1237662662673956907,-2.509499,5.504734,225.492250938423,32.4398136663747,17.36229,15.88699,15.37179,15.23134,15.18521,0.009315247,0.004109765,0.004614657,0.004752304,0.005895472,-0.02,5563,0.701
1237662662138069160,0.5386326,10.97486,227.694353392121,31.0365712851408,20.06418,19.20658,18.88914,18.76846,18.71296,0.03850213,0.0101138,0.01024039,0.01213998,0.03437921,0.6,3705,1.474
1237662661600280776,-2.604316,-1.661411,225.261019991059,31.5435060331695,19.8223,18.608,18.52161,18.50863,18.52653,0.03183303,0.007818901,0.008352354,0.01038525,0.03240153,0.6,3705,1.474
1237662661600280776,-2.604316,-1.661411,225.261019991059,31.5435060331695,19.8223,18.608,18.52161,18.50863,18.52653,0.03183303,0.007818901,0.008352354,0.01038525,0.03240153,-2.5,7500,0
1237662661600084182,0.9809871,8.673458,224.830856565688,31.6646282943051,20.03299,19.18744,18.88086,18.78788,18.7142,0.03653378,0.01023474,0.009924346,0.01211756,0.03679508,-0.57,3714,1.633
1237662661600084093,-9.677983,-3.734994,224.725615241251,31.7430708877281,20.93332,19.80378,19.79761,19.85284,19.8213,0.06610226,0.01428456,0.0169455,0.02465713,0.09112687,-2.32,4949,0.647
1237662661599953158,35.94569,24.93863,224.445334259376,31.9298499260352,21.03665,20.52748,20.54554,20.63701,20.67488,0.07126804,0.02204797,0.02815707,0.04543132,0.1985632,0.21,4437,1.08
1237662661599953158,35.94569,24.93863,224.445334259376,31.9298499260352,21.03665,20.52748,20.54554,20.63701,20.67488,0.07126804,0.02204797,0.02815707,0.04543132,0.1985632,-2.32,4949,0.647
1237662305120878769,-8.470898,8.709894,227.537192888807,32.6402554665056,20.03631,19.13972,18.84125,18.73735,18.69077,0.03135722,0.00974801,0.009356677,0.0107715,0.02798287,-2.5,6000,0
1237662305120878614,-4.797015,12.6955,227.577291008008,32.7737919634437,17.49094,16.58111,16.34187,16.2487,16.21824,0.00877269,0.004375671,0.005032182,0.005507081,0.007289964,-2,6500,0
1237662305120747646,-4.275336,26.66827,227.279068893011,32.8607662259331,18.91349,18.04198,17.76612,17.66961,17.59258,0.01699836,0.006199041,0.006274931,0.007072251,0.01385308,-1.5,6500,0
1237662305120747551,-7.082758,6.040683,227.189182215949,32.7762158025705,19.33278,18.24413,17.80889,17.65364,17.56398,0.02133478,0.006714679,0.006246586,0.006966546,0.01372144,-0.6,5659,0.561
1237662305120682598,0,0,227.106747174711,32.8158130156961,21.99185,20.701,20.17291,20.0154,19.85343,0.119292,0.02327688,0.01944153,0.02322939,0.06714818,-1.7,5405,0.621
1237662305120682060,-49.90922,12.22646,227.128224578989,32.8133565874733,18.40688,17.10495,16.59294,16.38681,16.3039,0.01328872,0.004884188,0.004870942,0.005312486,0.007480287,-1.34,5047,0.754
1237662305120682053,0.2578351,8.642413,227.148577638274,32.8658969861961,17.48448,16.24566,15.75354,15.53018,15.44102,0.008794671,0.004277933,0.004572183,0.004963347,0.00576614,-0.6,5659,0.561
1237662305120550977,-11.38459,5.174385,226.742680652641,32.9550803105232,18.16747,17.29883,17.05634,16.95314,16.94981,0.01185109,0.005246971,0.005347378,0.005687556,0.009902264,-2,6500,0
1237662225693475020,-16.6557,-0.1612891,227.877065639457,32.2870787673651,19.72484,17.50831,16.59009,16.24313,16.05008,0.0303948,0.004961265,0.004338622,0.004895838,0.00689965,-0.39,4576,0.983
1237662225693474906,5.87239,8.064897,227.887677800022,32.2712074945971,18.12166,16.63616,16.09122,15.88791,15.78259,0.01232185,0.00394936,0.004002447,0.004618377,0.006122778,-0.03,5261,0.773
1237662225693278290,-32.6927,-7.024556,227.291716677229,32.4796268684308,20.88236,18.24392,17.06059,16.62709,16.20181,0.06155765,0.006669126,0.005046238,0.005278501,0.007307579,-0.36,3962,1.354
1237662225693278285,106.65,144.6692,227.255345170202,32.4259602336141,23.05957,20.21655,18.74514,17.46155,16.78255,0.3096139,0.01804554,0.00904832,0.006568534,0.009500038,-0.2,3717,1.502
1237662225693212731,-10.09806,12.15502,227.15905269524,32.5616796527912,17.75504,16.24153,15.64454,15.40306,15.29109,0.01022995,0.003957745,0.004171506,0.00442564,0.00555378,-0.76,5320,0.704
1237662225693147219,-14.22257,-9.313021,227.072234200817,32.5571079061138,18.5882,16.93421,16.26123,16.00802,15.88521,0.01530864,0.004375019,0.004463759,0.004848629,0.006576362,-0.16,5059,0.811
1237662225693016236,-0.008920483,9.32591,226.755797119258,32.7398477129211,20.87599,19.61884,19.11246,18.91018,18.83391,0.05820679,0.01234043,0.01128789,0.01322162,0.03524575,-1.34,5047,0.754
1237662225693016190,0,0,226.6774291101,32.7687746852516,23.32854,20.98245,19.44607,18.65615,18.33505,0.3560736,0.03038237,0.01423243,0.01187306,0.02517619,-0.2,3717,1.502
1237662225693016177,9.626159,29.50726,226.641527288271,32.7586157106294,19.82617,18.67163,18.17525,17.97437,17.90782,0.02996602,0.0078618,0.006974274,0.008112989,0.01800516,-0.76,5320,0.704
1237662225693016113,-7.053687,-2.545621,226.706036302887,32.7303803110536,18.3696,17.07049,16.57751,16.42405,16.37877,0.01374063,0.004845587,0.004247149,0.005063641,0.007855971,-0.32,5476,0.645
1237662225692950599,-4.598405,2.800485,226.560950146957,32.7561580437098,18.63236,17.47594,17.09153,16.95518,16.91762,0.01558711,0.005179388,0.004764175,0.005674528,0.01006349,-1.08,5373,0.539
1237662225692950574,-9.843149,12.62587,226.50575049453,32.7454856453157,17.32457,15.67036,15.11073,14.93445,14.88919,0.008569528,0.003971975,0.003541613,0.004446651,0.005075044,-0.12,5281,0.732
1237662225692885160,-0.5048504,5.171187,226.356055770539,32.7299373247396,19.46051,17.06646,15.9055,15.43017,15.1906,0.02442581,0.004789182,0.00386007,0.004353176,0.005483423,-0.28,4382,1.069
1237662225692885022,-3.068374,7.171249,226.327721605229,32.8224059575612,18.94956,17.53068,17.00868,16.8098,16.73624,0.01830202,0.005260089,0.004773451,0.005213732,0.009261337,-0.04,5426,0.717
1237662225692819520,-1.410686,-1.324611,226.266804263627,32.8791489682202,19.12585,16.97276,16.03122,15.63826,15.48014,0.02027241,0.00461058,0.004122711,0.003940679,0.005669835,-0.39,4576,0.983
1237662225692753957,-12.29076,6.650468,225.969285684669,32.8369816599057,17.25407,16.0779,15.69719,15.55317,15.53615,0.008114337,0.004339142,0.004206199,0.004400318,0.005936869,-1.08,5373,0.539
1237662225692753957,-12.29076,6.650468,225.969285684669,32.8369816599057,17.25407,16.0779,15.69719,15.55317,15.53615,0.008114337,0.004339142,0.004206199,0.004400318,0.005936869,-0.11,5890,0.549
1237662225692688551,-6.790443,6.27858,225.873995401846,32.9230871067137,20.08654,18.4541,17.69334,17.44145,17.29637,0.0374702,0.007272182,0.005835826,0.006675674,0.0121334,-0.16,5059,0.811
1237662225156866668,0.9915485,21.07741,228.245885472093,31.6463128090857,22.92907,21.02955,20.67968,20.62545,20.63543,0.4129119,0.02914711,0.03241817,0.0466362,0.1750407,-0.45,3700,1.756
1237662225156866452,0,0,228.103334140148,31.5859569006336,23.09073,21.08785,20.69705,20.57335,20.35364,0.4916939,0.03158996,0.03401406,0.04574494,0.1507256,-2.09,6537,0.18
1237662225156866243,-2.040089,46.74522,228.149437402808,31.6468854963669,20.80786,20.21545,20.00309,19.88849,19.8143,0.0758328,0.01730872,0.02020619,0.02608535,0.09006139,-0.7,4741,0.883
1237662225156604119,-1.913257,-1.46509,227.552804873999,31.7444919749835,19.84757,18.09944,17.39317,17.11217,16.9531,0.03496617,0.005941317,0.005610766,0.006038058,0.01199779,-0.59,5126,0.828
1237662225156603981,-6.161949,16.13026,227.481450399735,31.7549930734976,18.451,17.20246,16.75538,16.6008,16.52575,0.0155713,0.004308756,0.00500495,0.005480806,0.009339728,-0.67,5474,0.603
1237662225155883036,-5.1293,7.06459,225.761731248501,32.5384997827821,19.16669,18.16107,17.78155,17.64793,17.62085,0.02329289,0.006300278,0.006270302,0.0069397,0.01666075,-0.85,5830,0.497
1237662224618946925,-14.35439,-1.486141,225.357788814586,32.1851911660326,21.1976,20.36561,20.26849,20.10913,20.10132,0.08486596,0.0189941,0.02469068,0.02800513,0.1063713,-0.33,4547,1.323
1237662224618815584,-12.48201,-1.643558,225.090597203069,32.4151188005246,20.15183,18.99156,18.4646,18.29498,18.15177,0.03780479,0.009087391,0.008158032,0.009263938,0.02421552,-0.76,5320,0.704
1237662224082534743,0,0,226.266281175744,31.3340895233851,21.95362,21.2486,21.07243,20.96104,21.02711,0.1508106,0.0382967,0.04083869,0.0562005,0.2286723,-0.05,5820,0.588
1237662224082011185,0,0,224.966316379495,31.8484255652383,25.34241,23.87841,22.21091,19.87376,18.32263,0.6649132,0.3041001,0.1258044,0.02739637,0.02722316,-0.2,3717,1.502
1237662224082011185,0,0,224.966316379495,31.8484255652383,25.34241,23.87841,22.21091,19.87376,18.32263,0.6649132,0.3041001,0.1258044,0.02739637,0.02722316,-1.08,5373,0.539
1237662224081945008,-15.60959,-9.787711,224.808131453328,31.9284764654836,23.56843,21.40917,19.87721,19.05203,18.467,0.4891056,0.03970416,0.01793487,0.01473275,0.02825016,-0.04,3980,1.491
1237662224081944904,0,0,224.862175658316,31.9297630741292,22.16,21.41799,21.06364,21.06544,20.71945,0.1708377,0.03963135,0.04287244,0.07021309,0.1873761,0.09,9899,-0.199
1237662224081944887,-0.9416707,0.1418093,224.803338359604,31.890947276519,21.55667,20.64363,20.37036,20.37537,20.14023,0.1060388,0.02364587,0.02564256,0.04118852,0.1161101,-0.45,3700,1.756
1237662224081944685,-6.354216,14.16117,224.860416892688,31.8889187426605,18.08538,17.10142,16.68016,16.51159,16.46045,0.01215476,0.004814157,0.004847741,0.004811343,0.008127891,-1.7,5405,0.621
1237662224081879180,-35.43031,30.79251,224.712610499187,31.9931977764452,20.08768,18.44765,17.75044,17.44974,17.27785,0.0378613,0.00709236,0.006400482,0.006470473,0.01251449,-1.72,4801,0.863
1237662224081879174,-13.6179,-29.47581,224.770243225236,32.1181862418528,21.34028,20.44656,20.09983,19.95853,19.88832,0.09269875,0.02136228,0.0200303,0.02751595,0.08630898,-1,6000,0
1237662224081879150,14.12686,42.65325,224.655864477714,32.0239637411058,21.69961,19.48268,17.97117,16.40817,15.53178,0.1235423,0.01198221,0.006949439,0.005074935,0.005929736,-0.2,3717,1.502
1237662224081879110,-3.977342,8.621685,224.742574979141,31.9790340940987,20.49971,18.05411,17.13236,16.81393,16.65525,0.04962444,0.006088014,0.005429044,0.005262509,0.008979816,0.07,4528,1.038
1237662224081879055,-15.7955,5.329036,224.722280980632,32.1406169713166,18.61833,17.73053,17.49618,17.37946,17.35393,0.0163816,0.005368075,0.006036445,0.006384617,0.01295893,-2.5,6000,0
1237662224081879055,-15.7955,5.329036,224.722280980632,32.1406169713166,18.61833,17.73053,17.49618,17.37946,17.35393,0.0163816,0.005368075,0.006036445,0.006384617,0.01295893,-2.03,5937,0.43
1237662224081814215,-25.23727,41.84325,224.645659282447,32.099903832303,23.57925,21.62189,19.9921,19.03311,18.51276,0.5720883,0.05093394,0.01883792,0.01428526,0.02752959,-0.04,3980,1.491
1237664854184755239,-7.623385,3.536309,225.067525295339,31.1265784610253,19.30563,18.47533,18.20226,18.08863,18.03343,0.02288937,0.007222771,0.007124522,0.008350052,0.0182007,0.6,3705,1.474
1237664853648998687,-9.440944,11.05165,227.752468868508,29.8049056835378,21.93544,19.32847,17.84334,16.80157,16.57667,0.1362621,0.01029734,0.006621393,0.005503293,0.009308166,-0.2,3717,1.502
1237664852574143130,-82.96471,-20.18918,224.594626468647,30.0643720470295,22.86107,21.38766,21.10312,21.09412,20.92949,0.2984388,0.0383627,0.04094068,0.05896115,0.1823842,-0.42,4244,1.566
1237662698106126796,0,0,227.484900814094,30.0408917500202,24.34409,21.76262,21.23394,21.01479,20.91302,0.7129958,0.05507808,0.04641629,0.06318833,0.2041448,-2.09,6537,0.18
1237662697031926004,-1.123098,4.859132,226.111113861098,29.766243173802,19.84298,18.8763,18.70681,18.57736,18.51668,0.0344338,0.008782848,0.009425106,0.01093509,0.03007948,0.6,3705,1.474
1237662697031925985,-13.10348,9.282517,226.051070647402,29.7076531844133,22.04161,21.06903,21.03711,20.77041,20.64046,0.1648042,0.03288346,0.04850016,0.05095874,0.1588019,-0.57,3714,1.633
1237662697031663867,0,0,225.369617514413,29.9942883441102,21.65674,21.20373,21.22012,21.08559,20.6723,0.127597,0.03618041,0.0509401,0.06490463,0.1804598,0.17,3900,1.363
1237662697031402029,0,0,224.761711678946,30.0888152525219,21.43429,20.76741,20.57295,20.44501,20.42424,0.1025115,0.02841303,0.02957409,0.03747799,0.1456265,-0.57,3714,1.633
1237662697031336261,0,0,224.688360264341,30.2309936253535,22.13143,21.29881,21.17694,20.98695,20.66222,0.1753204,0.0411187,0.04916558,0.05790032,0.183046,-1.08,5373,0.539
1237662662674087963,4.502851,3.482193,225.896129766339,32.2742271619254,18.97001,18.08618,17.8084,17.71851,17.67993,0.02037936,0.006304976,0.006517519,0.007345595,0.01783348,0.6,3705,1.474
1237662662674022488,-2.791808,19.80953,225.747751649508,32.3064519075034,17.99748,17.04725,16.76749,16.69858,16.67423,0.01233286,0.004787207,0.005122009,0.005602664,0.01012313,-2,6000,0
1237662662674022444,-13.34365,-2.727144,225.713214024187,32.3250203237181,19.65068,18.38397,17.90238,17.73608,17.64023,0.02978334,0.006990911,0.00677496,0.007383252,0.01733785,-0.76,5320,0.704
1237662225155948762,-1.379539,6.351781,226.027642938947,32.5498356187067,19.75642,18.83604,18.36885,18.18722,18.08368,0.03179401,0.008100408,0.007880877,0.008702067,0.02276397,-1,6000,0
1237662225155948751,-1.005499,18.55734,225.927394732097,32.4004100521109,19.76067,18.89192,18.47926,18.29451,18.22198,0.03144179,0.008362349,0.008274439,0.009135653,0.02476628,-2.5,6000,0
1237662225155948558,-3.659797,4.07125,225.925653199,32.5331804188706,18.74467,17.68695,17.30355,17.16555,17.12247,0.01809295,0.005448913,0.00560492,0.005647999,0.01240711,-0.65,5790,0.486
1237662225155948553,1.703426,6.715151,225.934493896858,32.5851847333663,19.11333,17.80982,17.27271,17.06881,16.93749,0.02232045,0.005699172,0.005549053,0.005495561,0.0113661,-0.71,5285,0.692
1237662225155883180,0,0,225.926476040728,32.5921582388253,20.7841,19.95214,19.69453,19.70929,19.49475,0.06429808,0.01431279,0.01565716,0.02208803,0.06915122,-0.33,4547,1.323
1237662224619667590,3.224884,16.25084,227.170425400001,31.5822897352176,20.30223,20.04742,20.17721,20.07406,19.65284,0.04354272,0.01727979,0.02152803,0.02760041,0.0751368,-2.32,4949,0.647
1237662224619601988,-48.87947,5.125884,227.051410225647,31.586000845989,16.59823,15.68526,15.34504,15.24476,15.23176,0.006710599,0.00344721,0.00428424,0.004521257,0.005677619,-1.5,6000,0
1237662224619601988,-48.87947,5.125884,227.051410225647,31.586000845989,16.59823,15.68526,15.34504,15.24476,15.23176,0.006710599,0.00344721,0.00428424,0.004521257,0.005677619,-1.5,6000,0
1237662224619536430,-2.385843,3.223019,226.840004921364,31.5967578976773,17.72164,16.62217,16.87105,17.07262,17.16466,0.01049909,0.004124704,0.005394984,0.005904779,0.01251424,-1,9500,0
1237662224618946725,0.8419088,8.367953,225.441794286834,32.2889214337148,19.29736,18.40887,18.1325,18.00095,17.95262,0.02427114,0.00711069,0.006973035,0.008210803,0.02027393,-2.5,6000,0
1237662224618946629,-5.74479,3.757469,225.509893487195,32.2916627219868,16.00087,15.06369,14.73054,14.61365,14.57508,0.005314307,0.004016819,0.003847629,0.004898315,0.005284469,-1.5,6000,0
1237662224618946587,-23.59187,6.456873,225.436949072607,32.2879518385184,19.21166,18.34053,17.9931,17.96106,17.78045,0.02299653,0.006941157,0.006565936,0.007765102,0.01797137,0.6,3705,1.474
1237662224618946575,4.656127,12.79225,225.370729957185,32.2646098957133,19.10956,18.14472,17.90152,17.79863,17.77303,0.02170126,0.006450577,0.006316111,0.007532135,0.0180207,-1.5,6500,0
1237662224082207008,0,0,225.476085802253,31.693469108938,25.7952,22.28507,20.90424,18.34467,16.91013,0.4412021,0.08063045,0.03514343,0.009690795,0.01013546,-0.54,3710,1.633
1237662224082206748,3.898299,11.46669,225.519955829426,31.7862886013985,17.38247,16.26379,15.88381,15.70358,15.6894,0.008881618,0.004195296,0.004826485,0.004372485,0.006289562,-1.08,5373,0.539
1237662224082206738,-3.26949,5.099725,225.472280135395,31.7504026355665,18.4838,17.54036,17.27812,17.1304,17.12331,0.01508804,0.005303965,0.005745446,0.005809494,0.01128404,-1.5,6000,0
1237662224082141899,0,0,225.389839356898,31.7232091361518,23.27362,21.68305,21.30607,20.98768,20.62063,0.4224131,0.04820472,0.04961773,0.06178793,0.1536023,-2.09,6537,0.18
1237662224082075651,-14.82955,12.19011,225.106517871626,31.7785780744477,18.32783,17.25596,16.84816,16.68448,16.64532,0.01414191,0.005049359,0.004648898,0.005544965,0.008866317,-0.6,5659,0.561
1237662223545270632,0,0,225.207776117446,31.5004176472157,22.3404,21.77769,21.66183,21.60013,21.07765,0.1980983,0.0521088,0.0672226,0.1010471,0.2348663,0.09,9899,-0.199
1237662223545270632,0,0,225.207776117446,31.5004176472157,22.3404,21.77769,21.66183,21.60013,21.07765,0.1980983,0.0521088,0.0672226,0.1010471,0.2348663,-2.32,4949,0.647
1237662223545074299,2.338926,0.674251,224.735488812993,31.5355074528586,23.1443,21.12446,20.23386,19.89993,19.77945,0.3383915,0.03291886,0.02340905,0.02707657,0.09069793,0.07,4650,1.074
1237662224081944783,3.753659,-0.8723874,224.913853886692,32.0357198139026,20.45508,18.03715,16.92971,16.53367,16.28871,0.0482462,0.006235583,0.005075912,0.004756327,0.007587732,-0.28,4382,1.069
1237662224081944808,-1.162704,-5.7132,224.948098368352,32.0017128748304,20.80637,19.51358,18.99274,18.76975,18.68595,0.06116519,0.01179965,0.01071716,0.01228973,0.03434222,-0.6,5659,0.561
1237662224081944817,4.073827,11.43291,224.982432776842,31.9665368428835,19.70911,17.66988,16.78938,16.43999,16.26194,0.02992763,0.005510325,0.004889796,0.005102007,0.007499679,-0.39,4576,0.983
1237662224082010170,-0.6011546,22.13257,225.093854552374,31.916070527651,16.64924,15.47316,14.98472,14.7664,14.70473,0.006514331,0.003930837,0.003842371,0.004495205,0.004705493,-1.42,5152,0.661
1237662224082010189,-8.708392,7.047983,225.167402193519,31.963762446256,18.15762,16.69483,16.16585,15.9755,15.90961,0.01278642,0.004553986,0.004126786,0.004958748,0.006545838,-0.04,5426,0.717
1237662224082010193,0,0,225.163673438913,31.9534658451425,20.1459,19.97595,20.31304,20.42408,20.93707,0.04213021,0.01867838,0.03812715,0.05208123,0.2586778,-2.5,9000,0
1237662224082075659,-27.34234,8.323807,225.22740442328,31.9047033012008,16.60797,15.40686,14.97723,14.84412,14.8275,0.006326761,0.003985118,0.003691491,0.004816883,0.005119208,-0.37,5661,0.572
1237662224082075695,-8.745392,11.13089,225.343661489825,31.8951319018552,19.02508,17.57897,17.02362,16.84275,16.77257,0.02040507,0.005453323,0.005198936,0.005764141,0.009355754,-0.24,5221,0.786
1237662224082075713,-6.751955,0.7791328,225.147101311345,31.8622568999398,20.12689,19.23055,19.02963,18.94403,18.96279,0.04049785,0.0102374,0.01133771,0.01319614,0.04019821,-2,7000,0
1237662224082075747,-194.3313,-25.26414,225.240531071691,31.9294173714187,20.94772,18.55805,17.20186,16.67276,16.36413,0.07436176,0.007586758,0.005130345,0.005669618,0.007859151,-0.28,4382,1.069
1237662224082075783,-20.72399,10.61735,225.253977312511,31.8363226628018,20.10085,19.21337,18.86224,18.73003,18.72487,0.03971006,0.01007692,0.01022066,0.01157028,0.03185872,0.17,3900,1.363
1237662224082075832,8.487167,86.08531,225.293601622429,31.8501076924197,24.12114,20.4613,18.92382,18.1498,17.69676,0.7486897,0.0203502,0.01051376,0.008707465,0.01555454,-0.06,3858,1.41
1237662224082141193,-9.679949,18.07873,225.320593948804,31.8191988107222,18.55318,17.02139,16.49254,16.26922,16.2033,0.01558222,0.004689301,0.004717124,0.005193999,0.007374893,-0.03,5261,0.773
1237662224083058954,-5.438353,14.08286,227.637533485604,30.9336007488564,19.49137,18.64291,18.28341,18.15737,18.14609,0.02959576,0.007753813,0.007658372,0.008720017,0.02189461,-0.2,3717,1.502
1237662224083058983,-3.880503,-4.085906,227.668183178927,30.9108701927903,21.91101,19.05387,17.7283,17.76483,16.86055,0.1916632,0.009465106,0.006192488,0.006994827,0.009867483,-2.09,6537,0.18
1237662224083059519,0,0,227.671594043485,30.9191030690857,24.39982,21.47927,21.03895,20.76151,20.63365,1.00972,0.04414859,0.04241193,0.05112465,0.161458,-2.09,6537,0.18
1237662224083124755,0,0,227.710450805122,30.8754485415716,22.36343,21.11813,21.03872,20.89704,21.19699,0.2609442,0.03365492,0.04332905,0.06026473,0.2577166,0.6,3705,1.474
1237662224083189780,-3.003585,-25.58429,227.920366890921,30.8702402544316,23.11586,20.86344,20.36558,20.15429,20.08909,0.4290821,0.02851259,0.02611754,0.03623765,0.1032349,-2.09,6537,0.18
1237662224618815619,-2.839082,16.99035,225.048510796915,32.2566856143481,19.4396,18.53294,18.11551,17.93013,17.87251,0.02501405,0.007461666,0.007042635,0.007857736,0.02005859,-1.5,6000,0
1237662224618881062,0.5199059,7.047534,225.291884134166,32.2582239975686,18.15981,16.76744,16.18212,15.93602,15.82699,0.0129081,0.004590404,0.004173378,0.004905116,0.006792131,-0.16,5059,0.811
1237662224619339830,-1.101743,4.948913,226.391449474913,31.8105782311166,18.58651,18.28956,18.62051,18.89033,19.20399,0.01595062,0.006722779,0.0087677,0.01222893,0.04978324,-0.06,9640,-0.021
1237662224619339836,-10.7721,-2.996188,226.452394961688,31.8498202885805,18.90598,17.57835,17.07062,16.87025,16.79893,0.01887244,0.005337611,0.005415737,0.005907023,0.01022571,-0.76,5320,0.704
1237662224619339857,-3.114739,5.347697,226.491467913257,31.8753603899774,17.16907,16.1293,15.68836,15.48964,15.40324,0.008257304,0.004097217,0.004627006,0.005137536,0.006015573,-1.51,5645,0.427
1237662224619339909,-2.754274,2.516527,226.335472734235,31.8010415345636,20.9467,20.13434,19.83215,19.74008,19.76834,0.06558174,0.01641992,0.01673378,0.02063587,0.07914928,-1.29,6000,0.45
1237662224619405370,2.541864,7.410846,226.596156287186,31.8596848159414,17.44276,16.48116,16.31453,16.26899,16.26539,0.009264893,0.004066959,0.004956812,0.005424859,0.008071792,-1,7000,0
1237662224619405473,1.209051,4.375036,226.560181804209,31.8918040184416,19.99889,18.47074,17.91159,17.73164,17.6196,0.03623174,0.007295275,0.006723452,0.007407613,0.01644964,-0.71,5285,0.692
1237662224619405576,-1.286782,43.32528,226.640366849751,31.8360887107686,22.73532,20.55493,18.9575,17.48267,16.66537,0.2592263,0.0224636,0.01021558,0.006855568,0.009612827,-0.2,3717,1.502
1237662224619405894,0,0,226.546600828009,31.8138133870378,23.64625,23.03293,21.33726,19.32183,18.18785,0.5081596,0.1532959,0.05003497,0.01613877,0.02398862,-0.2,3717,1.502
1237662224619470878,-6.721022,3.212027,226.684836425738,31.8021466733754,17.80733,16.5907,16.06376,15.82653,15.70415,0.01086197,0.004009694,0.004940889,0.00529183,0.006660108,-1.42,5152,0.661
1237662224619995303,-4.157897,-1.51529,227.990997574489,31.2184711843807,19.73953,18.58299,18.50735,18.58225,18.59478,0.03280351,0.007548998,0.008318056,0.01069566,0.03051683,-1,7500,0
1237662224619995303,-4.157897,-1.51529,227.990997574489,31.2184711843807,19.73953,18.58299,18.50735,18.58225,18.59478,0.03280351,0.007548998,0.008318056,0.01069566,0.03051683,0.6,3705,1.474
1237662224619995472,2.224713,-12.37257,227.928444430633,31.2704521330742,23.44197,21.41175,21.01632,20.80933,20.55443,0.5974851,0.03973228,0.04235403,0.05220641,0.1548207,-2.09,6537,0.18
1237662224620061330,0,0,228.139037240901,31.1094403630112,24.95755,21.93936,21.10997,21.16938,20.82306,0.7043079,0.05809304,0.0443284,0.07972781,0.1992788,-2.09,6537,0.18
1237662224620257460,-7.646586,2.677076,228.498274373446,30.873914067378,20.14172,19.19213,18.89854,18.77376,18.71788,0.03859466,0.00999256,0.01061472,0.01172934,0.03489662,0.6,3705,1.474
1237662225156210822,14.95378,-9.76346,226.555646646173,32.1519060699759,20.1769,17.90125,16.97639,16.66635,16.49176,0.04183082,0.005810678,0.005318977,0.005592708,0.009125276,0.07,4528,1.038
1237662225156210833,-9.201156,0.400062,226.574453553638,32.1603686312424,20.03789,19.06768,18.87082,18.84073,18.8775,0.03795621,0.00912457,0.009842896,0.01187128,0.04218205,-0.15,7118,0.298
1237662225156210835,-0.2693219,0.01682418,226.565141325737,32.1239094928554,20.60041,19.74986,19.40395,19.26182,19.15487,0.05408471,0.01283554,0.01293861,0.01509119,0.05340279,-1.61,5769,0.429
1237662225156210847,-5.710818,4.60567,226.617641181579,32.1920391754621,19.39215,18.43676,18.11823,17.99399,17.97449,0.02582305,0.006986046,0.007207839,0.007974418,0.02135161,-1.7,5949,0.394
1237662225156276255,-7.749134,1.056333,226.776695595849,32.0920801314279,18.09102,16.15258,15.44088,15.18124,15.05526,0.01285457,0.003776879,0.004596491,0.004924986,0.005503669,-0.54,4575,0.968
1237662225156276337,-38.5119,141.3987,226.792144665618,32.1958507435377,21.84019,19.55769,18.20351,17.01419,16.37456,0.1343551,0.01193722,0.007404011,0.006005393,0.008481592,-0.2,3717,1.502
1237662225156276366,-1.469737,2.382909,226.767994437854,32.0708302077719,20.26587,19.29985,19.04441,18.94371,18.85118,0.04307468,0.01035278,0.01069082,0.0126403,0.04075346,-1.7,5949,0.394
1237662225156276379,-0.2409128,0.1339736,226.831274949518,32.1494748593752,20.15591,17.89853,16.96976,16.63288,16.45329,0.04036901,0.005558356,0.005373858,0.005587997,0.008876123,-0.39,4576,0.983
1237662225156341878,-0.8589749,3.907513,226.899270652008,32.1711847831204,19.28538,18.08889,17.58455,17.39454,17.30463,0.02452501,0.005937886,0.006156371,0.006552447,0.01388925,-0.54,5736,0.533
1237662225156341889,-5.105116,1.70134,226.882163061892,32.1093323805634,20.68136,18.87543,18.21731,18.00082,17.8787,0.0575067,0.00835734,0.007476681,0.008031483,0.0198972,-0.16,5059,0.811
1237662225156341927,-2.947815,7.875778,226.939431838841,32.108923049652,20.91146,19.53532,18.97853,18.77612,18.66333,0.06917242,0.01180942,0.01038042,0.01164257,0.03512843,-1.34,5047,0.754
1237662225156341952,3.039296,-2.869485,226.934082982371,32.0354756442057,21.1965,20.18773,19.94942,19.8393,19.90163,0.08229227,0.01733705,0.01792536,0.02301644,0.09628871,-1.05,5260,1.474
1237662225156407310,-17.97489,6.489824,226.99699739122,31.9822830189594,18.2896,17.36205,17.12134,17.03302,17.03581,0.01413186,0.004760246,0.005491775,0.005771409,0.0120812,-2.5,6500,0
1237662225156407335,-3.537221,-3.221468,227.117760264553,32.0680900588162,18.85263,17.44256,16.91718,16.72891,16.65708,0.01892512,0.004835396,0.00526037,0.005521846,0.009817584,-0.71,5285,0.692
1237662225156407387,5.0881,-3.261553,226.999257243152,32.0525248900102,19.99545,18.6508,18.10896,17.91766,17.85023,0.03664571,0.007491422,0.007139613,0.007635061,0.0198924,-0.71,5285,0.692
1237662225156407462,-0.02518022,4.014396,227.060714477075,32.0251170001251,20.871,20.02498,19.73479,19.57899,19.65446,0.06418988,0.0154977,0.01564729,0.01911054,0.0817976,-1.56,5734,0.427
1237662225156538397,3.128132,8.389341,227.319025495712,31.8622124201135,17.6973,16.70259,16.64897,16.65985,16.7086,0.01079183,0.003788523,0.004850612,0.005345145,0.01013875,-2,7500,0
1237662225156538564,2.589235,17.75723,227.378909714251,31.841035025823,20.85405,19.80035,19.27465,19.0744,19.02509,0.06892461,0.01451126,0.01221612,0.01364115,0.0491176,-0.71,5285,0.692
1237662225156603972,-1.398122,-4.302143,227.510101761904,31.821526552038,17.64153,16.77676,16.54983,16.45456,16.44527,0.0105218,0.003871218,0.004802831,0.005414729,0.008919843,-2.5,6500,0
1237662225156604361,0,0,227.504327919019,31.8511019393756,22.91343,21.90489,21.80931,21.80963,21.42029,0.3788634,0.07438387,0.08305638,0.12219,0.4169527,-2.03,5937,0.43
1237662225156669492,9.189447,6.465116,227.764198250242,31.8089985004841,18.52673,17.133,16.60872,16.39161,16.32193,0.01643799,0.004627376,0.00488346,0.004903434,0.008543542,-0.71,5285,0.692
1237662225156866314,-4.298887,-8.953504,228.209832348256,31.5749267745701,20.60277,20.08885,20.07288,20.12163,20.23375,0.0636158,0.01590235,0.0208324,0.03168081,0.123922,0.17,3900,1.363
1237662225692885152,-13.95784,-12.77791,226.328120339553,32.7162868447483,19.66147,17.25847,16.04797,15.55252,15.29861,0.02742133,0.005038247,0.00400143,0.004361561,0.005598635,-0.28,4382,1.069
1237662225692950530,-4.352446,6.91018,226.405851651386,32.7229468244707,18.54914,17.3212,16.79862,16.57719,16.47774,0.01496528,0.00499106,0.004443261,0.005236807,0.008284256,-1.42,5152,0.661
1237662225693016094,3.76306,0.03091506,226.683973583338,32.7221344069347,19.16945,18.10263,17.71991,17.60003,17.58957,0.02072249,0.006330302,0.00578916,0.006966849,0.01482366,-0.54,5935,0.465
1237662225693081603,-6.172891,15.01698,226.73489885937,32.618638532147,18.76465,17.26497,16.71644,16.49679,16.41546,0.01664632,0.005027408,0.004675398,0.005239727,0.008048881,-0.03,5261,0.773
1237662225693081774,-6.769871,3.255927,226.82238828389,32.615069765555,19.05075,17.92394,17.91774,17.9296,17.97328,0.01938104,0.005926335,0.006425307,0.007984517,0.01888445,-1.5,7500,0
1237662225693081779,-131.2515,-21.07031,226.79077242162,32.5027640455046,19.214,16.78977,15.78718,15.40831,15.24224,0.02165944,0.004663548,0.004513109,0.004796556,0.005382831,-0.28,4382,1.069
1237662225693081802,2.025663,8.778764,226.861614819707,32.5451049994789,18.94114,17.04918,16.24926,15.92272,15.77151,0.01842227,0.004750508,0.004479577,0.004896542,0.006292733,-0.12,4775,0.95
1237662225693082119,-0.8900208,-5.357539,226.877358370165,32.5691534156453,22.1452,21.39289,21.09269,20.9743,20.59303,0.1535485,0.03926758,0.04047644,0.05970596,0.1507608,0.6,3705,1.474
1237662225693147171,7.672379,5.860677,226.919915001229,32.5051591949463,18.52604,17.07726,16.53011,16.33954,16.26931,0.01471158,0.004700874,0.004717367,0.005174882,0.007476487,-0.04,5426,0.717
1237662225693147203,-6.783771,0.1883608,227.039095595468,32.5498786898192,17.87059,16.9895,16.72982,16.62631,16.62524,0.01077607,0.004436689,0.004780708,0.005331376,0.008826662,-2,6500,0
1237662225693147203,-6.783771,0.1883608,227.039095595468,32.5498786898192,17.87059,16.9895,16.72982,16.62631,16.62524,0.01077607,0.004436689,0.004780708,0.005331376,0.008826662,-2,6500,0
1237662225693147240,0.4207782,0.5862387,226.956141454603,32.6128374911569,20.16416,18.99431,19.02329,19.08012,19.0978,0.0379161,0.009090775,0.01042805,0.01454742,0.04333368,-2.5,8500,0
1237662225693147280,-5.787449,4.609854,227.017520007062,32.6089556046439,20.85758,19.90224,19.67201,19.54961,19.6468,0.06174885,0.01491751,0.01529423,0.02034194,0.06898837,-2.5,6500,0
1237662225693147285,-0.07205742,6.409238,226.980912694042,32.5201796884216,19.52281,17.52799,16.69938,16.39009,16.22429,0.0254702,0.005167895,0.004817042,0.005185738,0.007372908,-0.12,4775,0.95
1237662225693147301,3.541501,5.518812,226.995559104651,32.5070657350384,19.95134,19.00444,18.83822,18.79176,18.8219,0.03277896,0.009123757,0.009480963,0.01219396,0.03414489,-1,7500,0
1237662225693147315,-271.3076,124.8349,227.023435942234,32.5270468833045,22.1235,19.75591,18.28602,16.7713,15.99146,0.1537339,0.01368279,0.007412389,0.00554064,0.006796225,-0.2,3717,1.502
1237662225693212677,2.568734,-0.4385408,227.024206194375,32.423588650038,18.15095,16.68641,16.15143,15.95422,15.88399,0.01228948,0.004231594,0.004686971,0.004989047,0.006521459,-0.04,5426,0.717
1237662225693212681,8.404691,20.65932,227.044415628461,32.4578890386319,17.43283,16.01133,15.51459,15.33398,15.28062,0.008852881,0.003822182,0.004378818,0.004660705,0.005513401,-0.04,5426,0.717
1237662225693212688,0.648715,10.83582,227.058039912345,32.4113127822062,17.14326,16.09849,15.91164,15.83863,15.83906,0.007810495,0.003890049,0.004559939,0.004795944,0.006437238,-0.5,7500,0
1237662225693212819,-34.99577,-11.90728,227.05198183842,32.4726128895475,22.28755,20.28964,19.03221,18.48372,18.1937,0.1731083,0.019038,0.01046885,0.01046812,0.02149268,-0.36,3962,1.354
1237662225693212891,-9.406556,8.924758,227.160132168383,32.440916727033,20.68418,19.3005,18.74009,18.51155,18.39725,0.05263907,0.01076092,0.009026014,0.01069117,0.02513098,-1.34,5047,0.754
1237662225693278212,1.305342,12.70909,227.189740550341,32.370684233634,18.94808,17.482,16.92319,16.69663,16.59869,0.01849066,0.005100082,0.005007962,0.00524566,0.008683804,-0.71,5285,0.692
1237662225693279024,0,0,227.295586422031,32.4683786076541,24.15814,24.28168,22.2817,19.56526,17.86813,0.608749,0.3785665,0.1092269,0.02070119,0.01774151,-1.08,5373,0.539
1237662225693343834,4.206336,17.25413,227.408749047939,32.3019384090816,18.37068,17.0367,16.45545,16.21863,16.10788,0.01357053,0.004445272,0.004499929,0.00492726,0.006983679,-0.71,5285,0.692
1237662225693343834,4.206336,17.25413,227.408749047939,32.3019384090816,18.37068,17.0367,16.45545,16.21863,16.10788,0.01357053,0.004445272,0.004499929,0.00492726,0.006983679,-0.71,5285,0.692
1237662225693343872,-36.80656,-3.059556,227.45036062479,32.2552287436873,18.57675,17.65813,17.30333,17.19363,17.12042,0.01507449,0.005145106,0.005260672,0.0060474,0.01147823,-1.5,6000,0
1237662225693343888,-4.388061,29.71136,227.475906320265,32.2490513607218,19.02884,18.05487,17.67898,17.53993,17.48742,0.01920396,0.005951258,0.005869261,0.006788848,0.01420874,-1,6000,0
1237662225693343949,-9.131612,16.24599,227.40197081051,32.2706299557965,20.17076,20.21179,20.56044,20.85266,20.72755,0.03744936,0.01856949,0.02831918,0.05656788,0.1819726,-2.5,9000,0
1237662225693344088,-4.909451,-6.024363,227.378088438334,32.3763146230913,21.88434,21.1891,20.88298,20.92543,20.81618,0.1221454,0.03541828,0.0353632,0.05947121,0.1911575,-0.09,4662,1.173
1237662225693409288,5.289994,6.871174,227.55258487861,32.312785869478,18.07252,16.80585,16.35409,16.1978,16.15533,0.01189393,0.003985308,0.004229138,0.004708019,0.007192531,-0.45,5630,0.6
1237662225693409288,5.289994,6.871174,227.55258487861,32.312785869478,18.07252,16.80585,16.35409,16.1978,16.15533,0.01189393,0.003985308,0.004229138,0.004708019,0.007192531,-0.45,5630,0.6
1237662225693409343,-1.00671,4.527689,227.573252428733,32.2726999843329,18.99164,17.5071,16.92925,16.68436,16.56643,0.01908053,0.004883666,0.004790717,0.005277107,0.008559478,-0.59,5126,0.828
1237662225693409346,-0.7324749,2.836368,227.604125305258,32.3004224573557,19.05312,18.17815,17.89532,17.78336,17.73373,0.01986168,0.006335275,0.006275795,0.007459257,0.01653207,-2,6000,0
1237662225693409348,-38.98862,22.19848,227.643823071361,32.3630243276769,18.45093,17.51851,17.13239,16.97333,16.9414,0.01441835,0.004867453,0.004860178,0.005621213,0.01041423,-1.7,5405,0.621
1237662225693409377,-17.95769,-3.153694,227.688450947777,32.3535501714454,17.18337,16.25138,15.96043,15.84027,15.82069,0.007941542,0.003468945,0.004029702,0.004628122,0.006191441,-2.5,6000,0
1237662225693409545,-21.3229,58.66374,227.657076691148,32.3546547928971,21.50111,19.09629,17.805,17.26716,16.96211,0.09999445,0.0100233,0.006025997,0.006150857,0.01051512,-0.28,4382,1.069
1237662225693409631,-1.681603,36.41475,227.601789689047,32.2593460631804,23.42047,20.53335,18.95108,17.55584,16.802,0.4387796,0.02505629,0.01014498,0.006850233,0.009579897,-0.2,3717,1.502
1237662225693474858,11.57621,32.23102,227.768905769605,32.2437463718916,18.08531,17.16833,16.86444,16.71576,16.68076,0.01203985,0.004388574,0.004716187,0.005447679,0.00909574,-2,6000,0
1237662225693540484,-14.86571,7.488393,227.975291174544,32.2259126969177,17.89848,16.47024,15.93284,15.74421,15.62884,0.01095983,0.004132292,0.004054915,0.004321952,0.005705899,-0.03,5261,0.773
1237662225693606021,1.60998,4.338109,228.054720443687,32.1169538647957,20.27322,19.18592,18.78814,18.63215,18.56631,0.04336068,0.009996982,0.009294305,0.01168801,0.03280545,-1,6000,0
1237662305120878689,-5.998707,5.748148,227.577396498962,32.6728388973662,19.18022,18.21175,18.08853,18.0541,18.0574,0.01965361,0.006547701,0.006996071,0.008057054,0.01825414,-1.5,7000,0
1237662305120944224,-11.51661,10.9406,227.67794902829,32.6436720601864,20.49541,19.55177,19.251,19.12994,19.07506,0.04284078,0.01192905,0.01135311,0.01324501,0.03616387,-0.3,6293,0.388
1237662305121009707,-6.708588,6.932286,227.92538740225,32.5794126535593,18.07663,16.71603,16.20883,16.02925,15.93888,0.01140309,0.004535141,0.004986739,0.005157693,0.006487435,-0.61,5132,0.764
1237662305121009751,-2.315295,6.470797,227.947330052141,32.5250339768996,19.04108,17.93613,17.50258,17.3424,17.25849,0.01848137,0.006049389,0.005985657,0.006330208,0.01145496,-0.15,6155,0.499
1237662305121009795,4.831044,8.518542,227.859166230087,32.5426273393812,19.52652,18.21685,17.70137,17.51657,17.45617,0.02421667,0.00663196,0.006227091,0.006636721,0.01274638,-0.4,5467,0.645
1237662305121009910,-2.365198,11.03021,227.909057220277,32.590712796827,20.46394,19.26203,18.72663,18.52465,18.38765,0.04174747,0.0102648,0.008915079,0.009691267,0.02240864,-0.71,5285,0.692
1237662305121140920,3.834765,2.000778,228.240892659183,32.3111050593074,20.4946,19.37884,19.23391,19.1645,19.17138,0.04318454,0.01089276,0.01132981,0.01358797,0.03822223,-0.2,3717,1.502
1237662661600542799,-14.46584,-1.954087,225.914410835466,31.2339139733296,17.52798,16.47581,16.19203,16.09456,16.08836,0.009433197,0.004653067,0.004320185,0.004542106,0.007141042,-0.5,6500,0
1237662661600542799,-14.46584,-1.954087,225.914410835466,31.2339139733296,17.52798,16.47581,16.19203,16.09456,16.08836,0.009433197,0.004653067,0.004320185,0.004542106,0.007141042,-1,6000,0
1237662661600542815,-12.78848,7.302232,226.022817268222,31.3553084112038,16.96858,15.51173,14.97589,14.77654,14.71136,0.007432492,0.004209057,0.004088245,0.004133768,0.004837647,-0.04,5426,0.717
1237662661600608397,-29.22689,0.5651697,226.123350900929,31.349272586567,19.47666,18.34927,17.82339,17.61584,17.52635,0.025594,0.007003217,0.006367813,0.006862793,0.01542426,-0.32,5651,0.564
1237662661600870614,-7.575931,3.900018,226.809502814187,31.0721479969553,20.02338,18.84908,18.3512,18.16859,18.0597,0.03609946,0.008653848,0.007800566,0.008769708,0.02275341,-0.76,5320,0.704
1237662661600935940,0,0,226.856247543212,31.0695872473982,21.00542,19.95541,19.73065,19.61445,19.55448,0.07323498,0.01569986,0.01596538,0.02043217,0.07481179,-2,6000,0
1237662661600936061,15.55948,55.69069,226.905233548585,30.9055420528573,18.04248,15.98769,15.13015,14.81516,14.65202,0.01183444,0.004285666,0.004109774,0.004473516,0.004598403,-0.39,4576,0.983
1237662661600936136,-10.08403,-1.87059,226.891296116646,30.9634281253577,20.41404,19.51494,19.30733,19.19343,19.25322,0.04677356,0.01204031,0.01256762,0.01567292,0.0600705,-2.5,6500,0
1237662661600936180,-3.269655,8.738526,226.997139354124,31.0015934875637,19.75826,18.76256,18.60092,18.58525,18.61483,0.03006385,0.008319435,0.008702481,0.01079252,0.03420388,-2,7000,0
1237662661600936189,-14.13746,-11.66677,226.912229553177,30.8355497535078,19.95634,18.32824,17.72479,17.48802,17.41156,0.0345679,0.007027212,0.006093527,0.006646614,0.01458711,-0.24,5221,0.786
1237662661600936340,-7.438901,3.914605,226.881908365677,30.9961685368081,21.61047,20.6781,20.13957,19.95527,19.89639,0.1119079,0.02436657,0.02111352,0.02646921,0.1018415,-1,6000,0
1237662661600936417,-4.422362,5.825073,226.979001259127,30.9474262158178,21.17067,20.38014,20.14681,20.10443,19.85559,0.07785778,0.01967369,0.0210335,0.02937716,0.09591009,0.17,3900,1.363
1237662661601264008,0,0,227.753938154803,30.6815764954807,22.64808,20.96454,20.72328,20.70108,21.06358,0.2539113,0.03153845,0.03288634,0.0494744,0.2678843,0.6,3705,1.474
1237662662136824057,-3.141553,7.096938,224.791280615637,32.2639017119332,19.73944,18.71478,18.38698,18.25167,18.23711,0.03170289,0.008107984,0.008146754,0.00921704,0.02423374,-1,6000,0
1237662662136889455,-24.55076,-5.631191,224.89593979302,32.1224054371522,17.93134,16.83697,16.39534,16.20805,16.1401,0.01191473,0.004541222,0.004845422,0.005027263,0.00743186,-0.76,5320,0.704
1237662662136954884,-9.378372,2.895813,224.913046148445,32.1010842869881,17.60202,16.1347,15.58548,15.38522,15.32468,0.01015929,0.004093728,0.004555943,0.004604869,0.005753862,-0.04,5426,0.717
1237662662136954886,0.3498704,2.905648,224.958845445123,32.1401575869677,17.7214,16.24549,15.66179,15.43294,15.34142,0.01072566,0.004128015,0.004579681,0.004660037,0.005761211,-0.5,4804,0.858
1237662662136954947,-3.840873,-4.957913,225.01514878076,32.1059447140155,18.6692,17.30974,16.79845,16.59761,16.52966,0.01731146,0.004905604,0.005176846,0.005387195,0.008668232,-0.32,5476,0.645
1237662662136954971,-22.31017,-1.041141,225.10639174402,32.1972821234237,16.22643,15.08655,14.69126,14.55201,14.51339,0.005848654,0.003560244,0.004407934,0.004660054,0.00491704,-1.08,5373,0.539
1237662662136954977,-3.800161,3.26187,225.075438315899,32.0951898919122,16.27265,15.26255,15.06753,15.02057,15.0629,0.006003343,0.0035412,0.004403688,0.004533012,0.005238694,-0.5,7000,0
1237662662136955023,-2.17441,0.3879834,225.01659793719,32.2569877170479,20.17325,17.7063,16.57393,16.1791,15.96859,0.04271973,0.005578178,0.005072505,0.005249061,0.006939918,-0.28,4382,1.069
1237662662136955459,0,0,224.949853807469,32.0715815322941,24.26,21.73038,21.38829,21.21487,21.41132,0.826164,0.05449194,0.05678272,0.07850804,0.3385171,-0.43,3782,1.755
1237662662137020427,-8.757341,-1.203631,225.097700498238,32.0657003135072,17.6693,16.54831,16.16223,16.003,15.96782,0.01044122,0.004121752,0.004783189,0.004874904,0.006878376,-0.32,5651,0.564
1237662662137020474,0,0,225.244014159664,32.140143360413,21.54261,18.52597,17.46288,17.02925,16.70156,0.1209534,0.008278742,0.006415169,0.006150689,0.00950533,-0.12,4775,0.95
1237662662137021268,0,0,225.216193598653,32.1192484516698,22.48549,21.7129,21.20973,21.26655,21.10282,0.2497867,0.05392066,0.04840356,0.07962778,0.2627266,0.17,3900,1.363
1237662662137085957,11.24375,26.93429,225.275474932562,32.0617574867936,16.4664,15.07253,14.56872,14.38667,14.33871,0.006452941,0.003610978,0.004395924,0.004442884,0.004803691,-0.04,5426,0.717
1237662662137085960,-14.07596,5.972385,225.309508927534,32.0431125605862,17.93375,17.05787,16.79327,16.6811,16.60515,0.01182324,0.004568306,0.005163999,0.005397546,0.009107036,-2,6000,0
1237662662137085964,-8.440554,1.562829,225.330035367139,32.0274648639762,18.06181,16.92661,16.98198,17.05287,17.1033,0.01260906,0.004414321,0.005323232,0.005890581,0.0117965,-0.5,8500,0
1237662662137086007,-8.388045,10.97962,225.345347707586,31.9363248167503,18.76977,17.47674,17.01292,16.82761,16.75987,0.01810402,0.005104674,0.005345819,0.005535563,0.009715663,-0.76,5320,0.704
1237662662137086037,-5.473575,5.447515,225.434389299022,32.0213011617996,16.63064,15.72214,16.03042,16.24218,16.39563,0.006772826,0.00373997,0.004675051,0.005022919,0.008163446,-0.06,9640,-0.021
1237662662137086053,-8.072502,-1.937869,225.255360589243,32.0360471122521,20.22971,19.45843,19.19723,19.08119,19.03477,0.04344029,0.0116701,0.01190843,0.0145691,0.04455856,-2,6500,0
1237662662137086086,-6.410981,5.646779,225.29287475161,32.0278551481628,20.08441,19.08422,18.80556,18.67733,18.55584,0.03915441,0.009598037,0.009773464,0.01147007,0.03090609,-0.5,6500,0
1237662662137086097,-21.45653,79.261,225.335859853094,32.0860198334051,22.51733,19.79095,18.32506,17.71395,17.34054,0.2443088,0.01410222,0.007908472,0.007331778,0.0136696,-0.36,3962,1.354
1237662662137151626,-1.424946,3.053897,225.399339561136,31.8978148273298,19.45748,17.98524,17.46084,17.28415,17.14776,0.02689573,0.006013465,0.005904563,0.00629767,0.01212444,-0.03,5262,0.759
1237662662137151633,1.468578,4.067501,225.406379060305,31.9030214412272,21.19203,20.23892,19.97529,19.83414,19.86323,0.0862392,0.01834224,0.01898959,0.02415167,0.09080963,-0.2,6586,0.376
1237662662137348130,0.7942624,17.20814,225.929852459364,31.7291851481325,17.94018,16.73026,16.22892,16.01438,15.97013,0.01189247,0.004470925,0.00491099,0.004832888,0.006897061,-0.76,5320,0.704
1237662662137348222,-9.134996,5.486369,225.953866655446,31.7686844761071,19.21561,17.7972,17.25392,17.0571,16.98702,0.02370683,0.005704036,0.005744809,0.005917512,0.01091045,-0.24,5221,0.786
1237662662137413693,5.193448,2.096571,226.131050670595,31.7764107108725,18.97754,17.55677,17.01752,16.83272,16.75036,0.02036994,0.005423493,0.005384024,0.00552839,0.009720203,-0.03,5262,0.759
1237662662137413700,-1.588567,3.892018,226.185063394112,31.7887997406682,18.60449,17.38581,16.87333,16.65035,16.52976,0.01661961,0.005207003,0.005258117,0.005423491,0.008775417,-0.99,5665,0.536
1237662662137413727,-0.08818567,31.71639,226.178577089234,31.6005029198383,17.86567,16.2305,15.61912,15.41417,15.3192,0.01144353,0.004390882,0.004466633,0.004418367,0.005732813,-0.17,5169,0.819
1237662662137413761,-0.2807216,3.144079,226.099482394963,31.6629306521033,21.00222,20.18814,19.98041,19.88104,19.92474,0.07744405,0.01716274,0.01927055,0.02581265,0.09403756,-2,7500,0
1237662662137413794,4.122912,7.968907,226.156508199823,31.6924589129047,21.84681,19.59991,18.49884,18.09375,18.51533,0.1464298,0.0123515,0.008532353,0.008545469,0.02945262,-0.28,4382,1.069
1237662662137413830,2.494655,10.1007,226.205022002474,31.720206963967,19.64259,18.27259,17.62011,17.34997,17.20395,0.03035426,0.006839179,0.006195646,0.006481306,0.01251837,-1.72,4801,0.863
1237662662137414373,0,0,226.246475170659,31.7735655635396,22.57419,21.83328,21.60207,21.36168,21.14286,0.2702591,0.05466423,0.06473296,0.08585528,0.2721573,0.25,5063,0.895
1237662662137479172,-5.047746,10.55863,226.239879298031,31.6173902657912,18.26995,17.35146,17.02661,16.90718,16.86983,0.01395833,0.005141859,0.005362292,0.005608446,0.01036658,-1.5,6000,0
1237662662137479212,-5.486486,-3.399048,226.18207131629,31.5844434353569,21.10807,20.23573,20.02347,19.93118,19.88144,0.08029017,0.01764373,0.01991974,0.027026,0.08899845,-1.7,5949,0.394
1237662662137479282,-11.56046,-0.2734923,226.26347027697,31.5837617448869,20.06613,19.18803,18.91362,18.81898,18.74625,0.03914447,0.01004041,0.01043736,0.01256819,0.03535347,0.17,3900,1.363
1237662662137675814,0,0,226.818859016038,31.5398500113348,23.42892,20.75227,19.0067,18.27374,17.91883,0.5348917,0.02870585,0.01133412,0.009699987,0.02117167,-0.06,3858,1.41
1237662662137675862,-5.661384,0.9662734,226.868930273741,31.5056308943026,16.37689,14.97936,14.4707,14.2745,14.20276,0.006304656,0.003764924,0.004370866,0.004653093,0.004844408,-0.35,5377,0.656
1237662662137741321,3.41645,20.26406,226.917934667615,31.5062271975826,16.36233,15.35139,14.99577,14.86253,14.8272,0.006275904,0.003813668,0.004503079,0.004788287,0.005279532,-0.94,5613,0.712
1237662662137741363,-1.498703,12.94054,226.908898333354,31.3809157373374,17.76667,16.45537,15.90244,15.66411,15.57578,0.01106567,0.00431215,0.004730505,0.004833741,0.006212211,-0.54,5720,0.564
1237662662137741439,-2.121055,-3.344687,226.888115274973,31.411852630375,20.70447,19.88407,19.73654,19.72478,19.77215,0.06066605,0.01460718,0.01645669,0.02252929,0.08295476,-1.24,6808,0.313
1237662662137741484,-0.7307534,10.37882,227.018915237654,31.4142797169501,19.29922,18.09233,17.61752,17.4593,17.40382,0.02443353,0.006270721,0.006277489,0.006813221,0.01393118,-0.76,5320,0.704
1237662662137806872,4.947817,8.50019,227.034226094445,31.2708309503444,17.66342,16.71441,16.40326,16.27062,16.23668,0.01057742,0.00442071,0.004892529,0.005267964,0.007729455,-1.5,6000,0
1237662662137806874,17.64896,-0.4351827,227.149205340568,31.4171619746906,18.39155,16.88009,16.25266,16.03335,15.91036,0.01491815,0.004609681,0.004964928,0.005311806,0.006845633,-0.16,5059,0.811
1237662662137872424,-7.614381,-2.069142,227.194793341188,31.2450331634399,17.41125,16.06069,15.55107,15.33713,15.28574,0.009314555,0.004214623,0.004708827,0.004761706,0.00566195,-0.67,5474,0.603
1237662662137872474,14.13079,12.9701,227.137670127369,31.2197016589291,19.03265,17.56773,17.00681,16.78361,16.70052,0.02083241,0.005438766,0.005457862,0.005748647,0.009511643,-0.04,5426,0.717
1237662662138069766,0,0,227.757617811223,31.0648164329798,23.08991,21.71436,21.30124,20.98795,20.65278,0.3799941,0.05174435,0.05141062,0.0630847,0.1801987,-2.09,6537,0.18
1237662662138069796,-5.401224,6.643151,227.765999637538,31.060478505654,23.1782,20.98371,19.94666,19.55306,19.59109,0.3976354,0.02969541,0.01870901,0.02010443,0.0706508,-0.28,4382,1.069
1237662662138200471,-2.627614,0.5782587,228.057287677222,30.9576546743893,21.55342,20.69967,20.72048,20.66123,20.82225,0.1128545,0.02455678,0.03204601,0.04538095,0.2074092,0.17,3900,1.363
1237662662674153773,0,0,225.999262886148,32.296533160402,22.05008,21.28547,20.9558,20.78598,20.34451,0.1635431,0.03512516,0.03799153,0.04828191,0.1377241,0.09,9899,-0.199
1237662662674350110,-13.24733,-9.549936,226.465204020216,32.0211232461209,18.24621,16.7541,16.20486,16.01474,15.95825,0.01393167,0.004748514,0.0047155,0.004905091,0.007415727,-0.04,5426,0.717
1237662662674350297,-6.934997,2.503475,226.596583156862,32.0700199548515,20.31527,19.06717,18.54237,18.33476,18.29709,0.04523817,0.00939491,0.008587566,0.009510649,0.0262455,-0.71,5285,0.692
1237662662674415655,-5.938334,19.57804,226.727066195817,32.0514649842708,18.56326,17.73073,17.46605,17.36214,17.36039,0.01634681,0.005728804,0.005861622,0.00645623,0.0141411,-2.5,6500,0
1237662662674415750,-56.43937,-19.3015,226.564992277935,31.9316722099844,20.32065,17.83783,16.43358,15.3103,14.75715,0.046345,0.005868737,0.00468599,0.004591811,0.005635327,-0.2,3717,1.502
1237662662674415797,-2.064767,2.504886,226.60483181665,31.8891447476563,22.8076,20.34342,19.23958,18.8641,18.68712,0.287739,0.01844454,0.01229045,0.01270403,0.03444882,-0.28,4382,1.069
1237662662674416064,0,0,226.625055171736,32.0021380778623,23.32463,21.49101,21.2266,20.96284,20.97621,0.4278265,0.04126463,0.04881752,0.05936062,0.233252,0.09,9899,-0.199
1237662662674481211,-3.981384,7.528217,226.822857586539,31.8033298799361,16.90567,15.47142,14.96737,14.82486,14.77427,0.007776228,0.004089224,0.004137605,0.004657643,0.005515542,-0.02,5563,0.701
1237662662674481215,-6.689913,0.9774943,226.86671864059,31.8476016941663,19.87374,18.96807,18.6545,18.58835,18.58634,0.03399963,0.00894801,0.009064608,0.01070499,0.03328692,0.6,3705,1.474
1237662662674546723,-70.46877,35.42837,226.979505825919,31.8964303402893,16.86383,15.99152,15.6234,15.47624,15.42044,0.007734676,0.004234221,0.004489367,0.004866483,0.0062481,-2,6000,0
1237662662674546784,1.213173,-3.290387,227.064967563197,31.8565625468503,17.94991,15.99319,15.25842,15.02683,14.90716,0.01201972,0.004264367,0.004401599,0.004946076,0.005776691,-0.12,4775,0.95
1237662662674546821,3.674342,2.212301,226.945010390831,31.8581893333307,20.6115,19.77422,19.51912,19.44822,19.48516,0.05306926,0.01341397,0.01440545,0.01780131,0.06883469,-0.72,7228,0.138
1237662662674546840,-5.496194,3.518779,226.955837928183,31.8187800701552,20.18837,18.77318,18.11935,17.87014,17.70862,0.04083339,0.008251437,0.007213035,0.00778542,0.01811789,-1.34,5047,0.754
1237662662674546851,-7.410085,2.449409,227.001972412762,31.8660538277698,20.13445,18.63869,18.05515,17.86594,17.70986,0.03964661,0.007798408,0.007035856,0.007767865,0.01825307,-0.24,5221,0.786
1237662662674546871,0.3876441,5.128269,227.053160997551,31.8817666320425,19.21813,18.32123,18.16047,18.1339,18.1055,0.02307785,0.006829935,0.007310685,0.008698496,0.02350319,-1.5,7000,0
1237662662674546873,-0.4748538,5.809568,227.032197434209,31.8183464039697,19.42959,18.00944,17.44531,17.26089,17.1476,0.0259819,0.006221853,0.005793334,0.006443949,0.01294872,-0.71,5285,0.692
1237662662674612229,-5.836016,0.6370067,227.087521458101,31.8040727379843,18.65703,17.36971,16.84201,16.62828,16.5274,0.01702846,0.005176921,0.005144735,0.005611401,0.00939651,-0.67,5474,0.603
1237662662674612233,-15.06191,1.893103,227.086007691505,31.7824693332146,18.09672,16.61262,16.05017,15.85707,15.776,0.01295951,0.004493565,0.004670034,0.00512986,0.007075217,-0.24,5221,0.786
1237662662674612250,-2.428606,3.476427,227.133919927446,31.8159315619776,18.98473,17.66166,17.11749,16.88236,16.77512,0.02030859,0.005551022,0.005419315,0.005863761,0.01055586,-1.71,4576,0.953
1237662662674677850,-10.28771,0.1973584,227.383301287234,31.788440967928,18.31944,16.89991,16.38538,16.20243,16.10542,0.0144086,0.004761077,0.00508339,0.005417336,0.00786956,-0.76,5320,0.704
1237662662675136968,0,0,228.327945717944,31.256455807343,22.90736,21.4306,21.32322,21.29721,21.35659,0.307648,0.0395913,0.05017345,0.07232226,0.3284309,-1.08,5373,0.539
1237662663211024466,-26.93053,21.42346,226.243336652974,32.5132635633235,16.76256,15.83683,15.75461,15.75066,15.78371,0.007482013,0.004067262,0.004684638,0.004845802,0.007051236,-2,7500,0
1237662663211024480,-7.653289,1.430385,226.333249968872,32.6209781077505,18.44962,16.86997,16.35489,16.20159,16.14944,0.01618547,0.004625304,0.004948907,0.005092999,0.008087462,0.16,5448,0.719
1237662663211024576,-12.44536,-3.094748,226.206653785926,32.5534376824262,20.54972,18.96206,18.41662,18.20738,18.13906,0.05662907,0.008740991,0.008233705,0.008786879,0.0252933,-0.04,5426,0.717
1237662663211090001,-28.04881,2.25468,226.440871821677,32.589890077526,18.2231,17.18403,16.84621,16.70746,16.69363,0.01444688,0.004896765,0.005189249,0.005482418,0.0103156,-1,6000,0
1237662663211090001,-28.04881,2.25468,226.440871821677,32.589890077526,18.2231,17.18403,16.84621,16.70746,16.69363,0.01444688,0.004896765,0.005189249,0.005482418,0.0103156,-1,6000,0
1237662663211090006,0.8005464,7.936622,226.425822496829,32.5522741224737,18.29852,16.87484,16.31617,16.07891,15.98083,0.01505586,0.004645444,0.004817912,0.004925921,0.007452159,-0.04,5426,0.717
1237662663211090065,-5.966603,2.738219,226.477603120825,32.49958809322,17.49831,16.60315,16.38857,16.30212,16.26183,0.01023551,0.004514137,0.004831588,0.004936303,0.008537972,-2,6500,0
1237662663211090104,9.146845,16.28649,226.353698077572,32.5817343558935,21.35602,20.26015,19.7374,19.54308,19.38467,0.1037645,0.01742322,0.01620369,0.019286,0.06673468,-1.72,4801,0.863
1237662663211090200,6.468814,11.47126,226.472546728873,32.5100159993098,19.72781,18.83616,18.61185,18.4805,18.40619,0.03349934,0.008306677,0.008863863,0.010161,0.03144186,-2.5,6000,0
1237662663211155462,-7.346387,1.041585,226.542452227765,32.5375209693962,18.97437,17.72595,17.22215,17.02147,16.91201,0.02140176,0.005668114,0.005586226,0.005740686,0.01158236,-0.45,5630,0.6
1237662663211155467,-2.713194,-0.2661202,226.553090698821,32.4638816055301,19.08907,17.0138,16.1825,15.8492,15.69529,0.02268078,0.004877344,0.004728276,0.004806164,0.006734126,-0.12,4775,0.95
1237662663211155514,1.255818,10.78076,226.483741479933,32.4829725294385,19.9841,19.07829,18.87153,18.7792,18.76671,0.03929051,0.009268808,0.01003967,0.01196171,0.0406613,-2,6000,0
1237662663211155516,-10.04794,-6.703315,226.523795283545,32.5521341617192,19.12865,17.74294,17.23117,17.04271,16.96788,0.02331932,0.005655133,0.005539849,0.00573485,0.01202461,-0.04,5426,0.717
1237662663211221055,1.909772,6.102264,226.782874405623,32.4070249808421,16.81868,15.84132,15.48125,15.32734,15.28438,0.007762355,0.004000694,0.004307035,0.004628949,0.006087374,-1,6000,0
1237662663211221232,-5.155814,0.1116951,226.815811895496,32.4195314206636,19.65647,18.12964,17.57529,17.3624,17.25489,0.03136742,0.006270587,0.005970001,0.006449295,0.01419599,-0.24,5221,0.786
1237662663211221900,0,0,226.749037549806,32.3836667691668,23.46993,21.79055,21.72802,21.64416,21.96346,0.5145026,0.05117356,0.0723944,0.1046437,0.5382156,-1.08,5373,0.539
1237662663211286627,-8.296137,26.45018,226.947087151592,32.3931299822302,16.87885,16.05526,15.80941,15.70417,15.67857,0.007915162,0.004203009,0.004490132,0.004678178,0.006846691,-2.5,6500,0
1237662663211286643,-2.295595,16.01224,226.897415148537,32.2576218491066,17.99521,16.50903,15.97906,15.77769,15.71107,0.01284116,0.004482938,0.004548986,0.004718347,0.006999363,-0.03,5261,0.773
1237662663211286646,0.00843498,0.9795702,226.984065924671,32.4083743237074,18.55581,17.34411,17.54752,17.68723,17.76104,0.01714122,0.005090322,0.005976033,0.007183055,0.01931519,-0.5,9500,0
1237662663211286793,-29.23575,17.74302,226.803244431003,32.2602201682925,20.05077,18.92581,18.3804,18.15069,18.10516,0.03980247,0.008638836,0.008073507,0.008688628,0.02415702,-1.7,5405,0.621
1237662663211286803,-6.409864,-4.826929,226.852532516539,32.3189632891098,19.58247,18.60725,18.42687,18.35941,18.39817,0.03063957,0.007537765,0.008175741,0.009642324,0.03159916,-1.5,6500,0
1237662663211286834,-21.33442,24.62249,226.868229292813,32.3027566872665,19.59613,19.15526,19.16739,19.18441,19.29845,0.03031172,0.009626267,0.01179831,0.01523437,0.05982407,-0.01,4395,1.299
1237662663211352148,0.1735274,3.664341,227.003255167868,32.3768612198395,17.89853,16.27033,15.62819,15.36461,15.23185,0.01215207,0.004351879,0.00436808,0.004674253,0.006047766,-0.66,4861,0.84
1237662663211352180,5.372182,-6.23944,226.982214140846,32.2077549171661,18.06694,16.64574,16.09493,15.91577,15.83554,0.01322143,0.004518784,0.004527378,0.004937032,0.007242515,-0.04,5426,0.717
1237662663211352258,-5.026784,1.423785,226.993255723383,32.1881594526969,20.2688,19.26857,19.21593,19.23824,19.43226,0.04489281,0.009999385,0.01211779,0.01543049,0.06813664,-2,7500,0
1237662663211352279,-1.633005,13.79315,227.053617034106,32.2292979219772,20.33708,19.22679,18.7184,18.53812,18.4382,0.0475547,0.009877108,0.009353002,0.01035671,0.03114449,-0.74,5704,0.526
1237662663211352310,-40.8729,40.24076,227.081512593113,32.181297830738,23.05695,20.6937,19.25756,18.4079,17.9961,0.3632594,0.02295122,0.01241657,0.009739085,0.02284856,-0.04,3980,1.491
1237662663211417614,-7.450553,31.82787,227.172383042902,32.2716405086187,18.14926,16.98347,16.47586,16.28258,16.18441,0.01379166,0.004653015,0.004762532,0.005210628,0.008218211,-0.76,5320,0.704
1237662663211417616,5.509027,35.04094,227.127266079367,32.1791563621472,18.26521,17.28807,16.91015,16.7781,16.71542,0.01455208,0.004917198,0.005126311,0.005604065,0.01056226,-1,6000,0
1237662663211417628,-10.14721,9.721678,227.175535976207,32.245263082951,16.88633,15.943,15.69913,15.62317,15.61967,0.007999008,0.004054822,0.004414333,0.004883606,0.006639531,-1.5,6500,0
1237662663211417695,-0.293077,8.835709,227.28402980182,32.2694904677235,17.66126,16.29587,15.76882,15.58122,15.49302,0.01094771,0.004281022,0.004527515,0.00501303,0.006471156,-0.71,5285,0.692
1237662663747829806,-1.243186,6.096121,226.245504595033,32.9564345246194,18.96729,18.1183,17.74005,17.58143,17.51653,0.01948281,0.006471497,0.006229388,0.007173385,0.01483743,-1.5,6000,0
1237662663747829806,-1.243186,6.096121,226.245504595033,32.9564345246194,18.96729,18.1183,17.74005,17.58143,17.51653,0.01948281,0.006471497,0.006229388,0.007173385,0.01483743,-2,6000,0
1237662663747829980,-6.078249,2.047826,226.357461282912,32.9950212918473,19.33782,17.95718,17.4444,17.23751,17.12495,0.02405702,0.006113104,0.005669362,0.006256612,0.01188351,-0.71,5285,0.692
1237662663747895306,-2.995641,5.666208,226.364419699631,32.9541238667729,17.07229,15.8633,15.83454,15.84338,15.86356,0.007859228,0.004125264,0.004480297,0.004810221,0.006610361,-1.5,6500,0
1237662663747895306,-2.995641,5.666208,226.364419699631,32.9541238667729,17.07229,15.8633,15.83454,15.84338,15.86356,0.007859228,0.004125264,0.004480297,0.004810221,0.006610361,-1.5,7000,0
1237662663747895468,1.659559,13.37691,226.516567789785,32.9220417713081,22.91921,20.30555,18.93886,17.78836,17.6177,0.3245356,0.01850484,0.0102427,0.007632007,0.01543607,-0.2,3717,1.502
1237662663747960873,-2.576497,2.709344,226.545659028574,32.901803969194,17.67532,16.44037,16.52345,16.59353,16.66086,0.01013846,0.004417092,0.004856041,0.005336254,0.009241872,-1.5,7500,0
1237662663747961089,-0.308493,-3.048914,226.518880450831,32.8387317675068,19.94527,17.496,16.42788,16.03078,15.82525,0.03424938,0.00547164,0.004878548,0.004969242,0.006630309,-0.28,4382,1.069
1237662663748026446,-2.502306,3.818739,226.756324229807,32.7747265537311,17.51627,16.39856,16.00236,15.85761,15.81567,0.009508911,0.004662618,0.004479993,0.004837553,0.006577071,-0.42,5762,0.557
1237662663748026446,-2.502306,3.818739,226.756324229807,32.7747265537311,17.51627,16.39856,16.00236,15.85761,15.81567,0.009508911,0.004662618,0.004479993,0.004837553,0.006577071,-0.42,5762,0.557
1237662663748026479,-0.5906659,7.273674,226.712925726211,32.8921047010652,19.32698,17.86263,17.3216,17.14246,17.03689,0.02407029,0.006042206,0.005430904,0.005932154,0.01119477,-0.24,5221,0.786
1237662663748026546,25.71416,76.71968,226.758272163452,32.7625481291595,19.42465,18.96348,18.80033,18.76684,18.77018,0.02554921,0.009061622,0.009600012,0.01265467,0.0351066,-2.5,6500,0
